Date,StockCode,File
2025-11-17,688518.SH,/mnt/team/research-share/huangchunyang/etfmm_oe/wangcai_log_v2/passive_mid_opponent/2025-11-17.log:162
2025-11-17,300390.SZ,/mnt/team/research-share/huangchunyang/etfmm_oe/wangcai_log_v2/passive_mid_opponent/2025-11-17.log:292
2025-11-17,300390.SZ,/mnt/team/research-share/huangchunyang/etfmm_oe/wangcai_log_v2/passive_mid_opponent/2025-11-17.log:293
2025-11-17,300390.SZ,/mnt/team/research-share/huangchunyang/etfmm_oe/wangcai_log_v2/passive_mid_opponent/2025-11-17.log:295
2025-11-17,300390.SZ,/mnt/team/research-share/huangchunyang/etfmm_oe/wangcai_log_v2/passive_mid_opponent/2025-11-17.log:296
2025-11-17,300390.SZ,/mnt/team/research-share/huangchunyang/etfmm_oe/wangcai_log_v2/passive_mid_opponent/2025-11-17.log:298
2025-11-17,300390.SZ,/mnt/team/research-share/huangchunyang/etfmm_oe/wangcai_log_v2/passive_mid_opponent/2025-11-17.log:299
2025-11-17,300390.SZ,/mnt/team/research-share/huangchunyang/etfmm_oe/wangcai_log_v2/passive_mid_opponent/2025-11-17.log:301
2025-11-17,300390.SZ,/mnt/team/research-share/huangchunyang/etfmm_oe/wangcai_log_v2/passive_mid_opponent/2025-11-17.log:302
2025-11-17,300390.SZ,/mnt/team/research-share/huangchunyang/etfmm_oe/wangcai_log_v2/passive_mid_opponent/2025-11-17.log:304
2025-11-17,Unknown,/mnt/team/research-share/huangchunyang/etfmm_oe/wangcai_log_v2/passive_mid_opponent/2025-11-17.log:306
2025-11-17,688005.SH,/mnt/team/research-share/huangchunyang/etfmm_oe/wangcai_log_v2/passive_mid_opponent/2025-11-17.log:8473
2025-11-17,688005.SH,/mnt/team/research-share/huangchunyang/etfmm_oe/wangcai_log_v2/passive_mid_opponent/2025-11-17.log:8474
2025-11-17,688005.SH,/mnt/team/research-share/huangchunyang/etfmm_oe/wangcai_log_v2/passive_mid_opponent/2025-11-17.log:8476
2025-11-17,688707.SH,/mnt/team/research-share/huangchunyang/etfmm_oe/wangcai_log_v2/passive_mid_opponent/2025-11-17.log:8558
2025-11-19,Unknown,/mnt/team/research-share/huangchunyang/etfmm_oe/wangcai_log_v2/passive_mid_opponent/2025-11-19.log:1930
2025-12-08,300342.SZ,/mnt/team/research-share/huangchunyang/etfmm_oe/wangcai_log_v2/passive_mid_opponent/2025-12-08.log:19616
2025-12-08,300342.SZ,/mnt/team/research-share/huangchunyang/etfmm_oe/wangcai_log_v2/passive_mid_opponent/2025-12-08.log:19617
2025-12-08,300342.SZ,/mnt/team/research-share/huangchunyang/etfmm_oe/wangcai_log_v2/passive_mid_opponent/2025-12-08.log:19619
2025-12-08,300342.SZ,/mnt/team/research-share/huangchunyang/etfmm_oe/wangcai_log_v2/passive_mid_opponent/2025-12-08.log:19620
2025-12-08,300342.SZ,/mnt/team/research-share/huangchunyang/etfmm_oe/wangcai_log_v2/passive_mid_opponent/2025-12-08.log:19622
2025-12-08,300342.SZ,/mnt/team/research-share/huangchunyang/etfmm_oe/wangcai_log_v2/passive_mid_opponent/2025-12-08.log:19623
2025-12-08,300342.SZ,/mnt/team/research-share/huangchunyang/etfmm_oe/wangcai_log_v2/passive_mid_opponent/2025-12-08.log:19625
2025-12-08,300342.SZ,/mnt/team/research-share/huangchunyang/etfmm_oe/wangcai_log_v2/passive_mid_opponent/2025-12-08.log:19626
2025-12-08,300342.SZ,/mnt/team/research-share/huangchunyang/etfmm_oe/wangcai_log_v2/passive_mid_opponent/2025-12-08.log:19628
2025-12-08,Unknown,/mnt/team/research-share/huangchunyang/etfmm_oe/wangcai_log_v2/passive_mid_opponent/2025-12-08.log:19630
2025-12-11,600105.SH,/mnt/team/research-share/huangchunyang/etfmm_oe/wangcai_log_v2/passive_mid_opponent/2025-12-11.log:23668
2025-12-11,600105.SH,/mnt/team/research-share/huangchunyang/etfmm_oe/wangcai_log_v2/passive_mid_opponent/2025-12-11.log:23669
2025-12-11,600105.SH,/mnt/team/research-share/huangchunyang/etfmm_oe/wangcai_log_v2/passive_mid_opponent/2025-12-11.log:23671
2025-12-11,600105.SH,/mnt/team/research-share/huangchunyang/etfmm_oe/wangcai_log_v2/passive_mid_opponent/2025-12-11.log:23672
2025-12-11,600105.SH,/mnt/team/research-share/huangchunyang/etfmm_oe/wangcai_log_v2/passive_mid_opponent/2025-12-11.log:23674
2025-12-11,600105.SH,/mnt/team/research-share/huangchunyang/etfmm_oe/wangcai_log_v2/passive_mid_opponent/2025-12-11.log:23675
2025-12-11,600105.SH,/mnt/team/research-share/huangchunyang/etfmm_oe/wangcai_log_v2/passive_mid_opponent/2025-12-11.log:23677
2025-12-11,600105.SH,/mnt/team/research-share/huangchunyang/etfmm_oe/wangcai_log_v2/passive_mid_opponent/2025-12-11.log:23678
2025-12-11,600105.SH,/mnt/team/research-share/huangchunyang/etfmm_oe/wangcai_log_v2/passive_mid_opponent/2025-12-11.log:23680
2025-12-11,Unknown,/mnt/team/research-share/huangchunyang/etfmm_oe/wangcai_log_v2/passive_mid_opponent/2025-12-11.log:23682
2025-12-12,301205.SZ,/mnt/team/research-share/huangchunyang/etfmm_oe/wangcai_log_v2/passive_mid_opponent/2025-12-12.log:89
2025-11-17,688518.SH,/mnt/team/research-share/huangchunyang/etfmm_oe/wangcai_log_v2/passive_mid_own/2025-11-17.log:166
2025-11-17,300390.SZ,/mnt/team/research-share/huangchunyang/etfmm_oe/wangcai_log_v2/passive_mid_own/2025-11-17.log:298
2025-11-17,300390.SZ,/mnt/team/research-share/huangchunyang/etfmm_oe/wangcai_log_v2/passive_mid_own/2025-11-17.log:299
2025-11-17,300390.SZ,/mnt/team/research-share/huangchunyang/etfmm_oe/wangcai_log_v2/passive_mid_own/2025-11-17.log:301
2025-11-17,300390.SZ,/mnt/team/research-share/huangchunyang/etfmm_oe/wangcai_log_v2/passive_mid_own/2025-11-17.log:302
2025-11-17,300390.SZ,/mnt/team/research-share/huangchunyang/etfmm_oe/wangcai_log_v2/passive_mid_own/2025-11-17.log:304
2025-11-17,300390.SZ,/mnt/team/research-share/huangchunyang/etfmm_oe/wangcai_log_v2/passive_mid_own/2025-11-17.log:305
2025-11-17,300390.SZ,/mnt/team/research-share/huangchunyang/etfmm_oe/wangcai_log_v2/passive_mid_own/2025-11-17.log:307
2025-11-17,300390.SZ,/mnt/team/research-share/huangchunyang/etfmm_oe/wangcai_log_v2/passive_mid_own/2025-11-17.log:308
2025-11-17,300390.SZ,/mnt/team/research-share/huangchunyang/etfmm_oe/wangcai_log_v2/passive_mid_own/2025-11-17.log:310
2025-11-17,Unknown,/mnt/team/research-share/huangchunyang/etfmm_oe/wangcai_log_v2/passive_mid_own/2025-11-17.log:312
2025-11-17,688005.SH,/mnt/team/research-share/huangchunyang/etfmm_oe/wangcai_log_v2/passive_mid_own/2025-11-17.log:8474
2025-11-17,688005.SH,/mnt/team/research-share/huangchunyang/etfmm_oe/wangcai_log_v2/passive_mid_own/2025-11-17.log:8475
2025-11-17,688005.SH,/mnt/team/research-share/huangchunyang/etfmm_oe/wangcai_log_v2/passive_mid_own/2025-11-17.log:8477
2025-11-17,688707.SH,/mnt/team/research-share/huangchunyang/etfmm_oe/wangcai_log_v2/passive_mid_own/2025-11-17.log:8559
2025-11-19,Unknown,/mnt/team/research-share/huangchunyang/etfmm_oe/wangcai_log_v2/passive_mid_own/2025-11-19.log:1947
2025-12-08,300342.SZ,/mnt/team/research-share/huangchunyang/etfmm_oe/wangcai_log_v2/passive_mid_own/2025-12-08.log:19642
2025-12-08,300342.SZ,/mnt/team/research-share/huangchunyang/etfmm_oe/wangcai_log_v2/passive_mid_own/2025-12-08.log:19643
2025-12-08,300342.SZ,/mnt/team/research-share/huangchunyang/etfmm_oe/wangcai_log_v2/passive_mid_own/2025-12-08.log:19645
2025-12-08,300342.SZ,/mnt/team/research-share/huangchunyang/etfmm_oe/wangcai_log_v2/passive_mid_own/2025-12-08.log:19646
2025-12-08,300342.SZ,/mnt/team/research-share/huangchunyang/etfmm_oe/wangcai_log_v2/passive_mid_own/2025-12-08.log:19648
2025-12-08,300342.SZ,/mnt/team/research-share/huangchunyang/etfmm_oe/wangcai_log_v2/passive_mid_own/2025-12-08.log:19649
2025-12-08,Unknown,/mnt/team/research-share/huangchunyang/etfmm_oe/wangcai_log_v2/passive_mid_own/2025-12-08.log:19651
2025-12-08,300342.SZ,/mnt/team/research-share/huangchunyang/etfmm_oe/wangcai_log_v2/passive_mid_own/2025-12-08.log:20548
2025-12-08,300342.SZ,/mnt/team/research-share/huangchunyang/etfmm_oe/wangcai_log_v2/passive_mid_own/2025-12-08.log:20550
2025-12-08,Unknown,/mnt/team/research-share/huangchunyang/etfmm_oe/wangcai_log_v2/passive_mid_own/2025-12-08.log:20552
2025-12-11,600105.SH,/mnt/team/research-share/huangchunyang/etfmm_oe/wangcai_log_v2/passive_mid_own/2025-12-11.log:23690
2025-12-11,600105.SH,/mnt/team/research-share/huangchunyang/etfmm_oe/wangcai_log_v2/passive_mid_own/2025-12-11.log:23691
2025-12-11,600105.SH,/mnt/team/research-share/huangchunyang/etfmm_oe/wangcai_log_v2/passive_mid_own/2025-12-11.log:23693
2025-12-11,600105.SH,/mnt/team/research-share/huangchunyang/etfmm_oe/wangcai_log_v2/passive_mid_own/2025-12-11.log:23694
2025-12-11,600105.SH,/mnt/team/research-share/huangchunyang/etfmm_oe/wangcai_log_v2/passive_mid_own/2025-12-11.log:23696
2025-12-11,600105.SH,/mnt/team/research-share/huangchunyang/etfmm_oe/wangcai_log_v2/passive_mid_own/2025-12-11.log:23697
2025-12-11,600105.SH,/mnt/team/research-share/huangchunyang/etfmm_oe/wangcai_log_v2/passive_mid_own/2025-12-11.log:23699
2025-12-11,600105.SH,/mnt/team/research-share/huangchunyang/etfmm_oe/wangcai_log_v2/passive_mid_own/2025-12-11.log:23700
2025-12-11,600105.SH,/mnt/team/research-share/huangchunyang/etfmm_oe/wangcai_log_v2/passive_mid_own/2025-12-11.log:23702
2025-12-11,Unknown,/mnt/team/research-share/huangchunyang/etfmm_oe/wangcai_log_v2/passive_mid_own/2025-12-11.log:23704
2025-12-12,301205.SZ,/mnt/team/research-share/huangchunyang/etfmm_oe/wangcai_log_v2/passive_mid_own/2025-12-12.log:93
2025-11-17,688518.SH,/mnt/team/research-share/huangchunyang/etfmm_oe/wangcai_log_v2/passive_opponent/2025-11-17.log:160
2025-11-17,300390.SZ,/mnt/team/research-share/huangchunyang/etfmm_oe/wangcai_log_v2/passive_opponent/2025-11-17.log:290
2025-11-17,300390.SZ,/mnt/team/research-share/huangchunyang/etfmm_oe/wangcai_log_v2/passive_opponent/2025-11-17.log:291
2025-11-17,300390.SZ,/mnt/team/research-share/huangchunyang/etfmm_oe/wangcai_log_v2/passive_opponent/2025-11-17.log:293
2025-11-17,300390.SZ,/mnt/team/research-share/huangchunyang/etfmm_oe/wangcai_log_v2/passive_opponent/2025-11-17.log:294
2025-11-17,300390.SZ,/mnt/team/research-share/huangchunyang/etfmm_oe/wangcai_log_v2/passive_opponent/2025-11-17.log:296
2025-11-17,300390.SZ,/mnt/team/research-share/huangchunyang/etfmm_oe/wangcai_log_v2/passive_opponent/2025-11-17.log:297
2025-11-17,300390.SZ,/mnt/team/research-share/huangchunyang/etfmm_oe/wangcai_log_v2/passive_opponent/2025-11-17.log:299
2025-11-17,300390.SZ,/mnt/team/research-share/huangchunyang/etfmm_oe/wangcai_log_v2/passive_opponent/2025-11-17.log:300
2025-11-17,300390.SZ,/mnt/team/research-share/huangchunyang/etfmm_oe/wangcai_log_v2/passive_opponent/2025-11-17.log:302
2025-11-17,Unknown,/mnt/team/research-share/huangchunyang/etfmm_oe/wangcai_log_v2/passive_opponent/2025-11-17.log:304
2025-11-17,688005.SH,/mnt/team/research-share/huangchunyang/etfmm_oe/wangcai_log_v2/passive_opponent/2025-11-17.log:8462
2025-11-17,688005.SH,/mnt/team/research-share/huangchunyang/etfmm_oe/wangcai_log_v2/passive_opponent/2025-11-17.log:8463
2025-11-17,688005.SH,/mnt/team/research-share/huangchunyang/etfmm_oe/wangcai_log_v2/passive_opponent/2025-11-17.log:8465
2025-11-17,688707.SH,/mnt/team/research-share/huangchunyang/etfmm_oe/wangcai_log_v2/passive_opponent/2025-11-17.log:8541
2025-11-19,Unknown,/mnt/team/research-share/huangchunyang/etfmm_oe/wangcai_log_v2/passive_opponent/2025-11-19.log:1916
2025-12-08,300342.SZ,/mnt/team/research-share/huangchunyang/etfmm_oe/wangcai_log_v2/passive_opponent/2025-12-08.log:19601
2025-12-08,300342.SZ,/mnt/team/research-share/huangchunyang/etfmm_oe/wangcai_log_v2/passive_opponent/2025-12-08.log:19602
2025-12-08,300342.SZ,/mnt/team/research-share/huangchunyang/etfmm_oe/wangcai_log_v2/passive_opponent/2025-12-08.log:19604
2025-12-08,300342.SZ,/mnt/team/research-share/huangchunyang/etfmm_oe/wangcai_log_v2/passive_opponent/2025-12-08.log:19605
2025-12-08,300342.SZ,/mnt/team/research-share/huangchunyang/etfmm_oe/wangcai_log_v2/passive_opponent/2025-12-08.log:19607
2025-12-08,300342.SZ,/mnt/team/research-share/huangchunyang/etfmm_oe/wangcai_log_v2/passive_opponent/2025-12-08.log:19608
2025-12-08,300342.SZ,/mnt/team/research-share/huangchunyang/etfmm_oe/wangcai_log_v2/passive_opponent/2025-12-08.log:19610
2025-12-08,300342.SZ,/mnt/team/research-share/huangchunyang/etfmm_oe/wangcai_log_v2/passive_opponent/2025-12-08.log:19611
2025-12-08,300342.SZ,/mnt/team/research-share/huangchunyang/etfmm_oe/wangcai_log_v2/passive_opponent/2025-12-08.log:19613
2025-12-08,Unknown,/mnt/team/research-share/huangchunyang/etfmm_oe/wangcai_log_v2/passive_opponent/2025-12-08.log:19615
2025-12-11,600105.SH,/mnt/team/research-share/huangchunyang/etfmm_oe/wangcai_log_v2/passive_opponent/2025-12-11.log:23638
2025-12-11,600105.SH,/mnt/team/research-share/huangchunyang/etfmm_oe/wangcai_log_v2/passive_opponent/2025-12-11.log:23639
2025-12-11,600105.SH,/mnt/team/research-share/huangchunyang/etfmm_oe/wangcai_log_v2/passive_opponent/2025-12-11.log:23641
2025-12-11,600105.SH,/mnt/team/research-share/huangchunyang/etfmm_oe/wangcai_log_v2/passive_opponent/2025-12-11.log:23642
2025-12-11,600105.SH,/mnt/team/research-share/huangchunyang/etfmm_oe/wangcai_log_v2/passive_opponent/2025-12-11.log:23644
2025-12-11,600105.SH,/mnt/team/research-share/huangchunyang/etfmm_oe/wangcai_log_v2/passive_opponent/2025-12-11.log:23645
2025-12-11,600105.SH,/mnt/team/research-share/huangchunyang/etfmm_oe/wangcai_log_v2/passive_opponent/2025-12-11.log:23647
2025-12-11,600105.SH,/mnt/team/research-share/huangchunyang/etfmm_oe/wangcai_log_v2/passive_opponent/2025-12-11.log:23648
2025-12-11,600105.SH,/mnt/team/research-share/huangchunyang/etfmm_oe/wangcai_log_v2/passive_opponent/2025-12-11.log:23650
2025-12-11,Unknown,/mnt/team/research-share/huangchunyang/etfmm_oe/wangcai_log_v2/passive_opponent/2025-12-11.log:23652
2025-12-12,301205.SZ,/mnt/team/research-share/huangchunyang/etfmm_oe/wangcai_log_v2/passive_opponent/2025-12-12.log:87
2025-11-17,688518.SH,/mnt/team/research-share/huangchunyang/etfmm_oe/wangcai_log_v2/passive_own/2025-11-17.log:166
2025-11-17,688518.SH,/mnt/team/research-share/huangchunyang/etfmm_oe/wangcai_log_v2/passive_own/2025-11-17.log:485
2025-11-17,300390.SZ,/mnt/team/research-share/huangchunyang/etfmm_oe/wangcai_log_v2/passive_own/2025-11-17.log:619
2025-11-17,300390.SZ,/mnt/team/research-share/huangchunyang/etfmm_oe/wangcai_log_v2/passive_own/2025-11-17.log:620
2025-11-17,300390.SZ,/mnt/team/research-share/huangchunyang/etfmm_oe/wangcai_log_v2/passive_own/2025-11-17.log:622
2025-11-17,300390.SZ,/mnt/team/research-share/huangchunyang/etfmm_oe/wangcai_log_v2/passive_own/2025-11-17.log:623
2025-11-17,300390.SZ,/mnt/team/research-share/huangchunyang/etfmm_oe/wangcai_log_v2/passive_own/2025-11-17.log:625
2025-11-17,300390.SZ,/mnt/team/research-share/huangchunyang/etfmm_oe/wangcai_log_v2/passive_own/2025-11-17.log:626
2025-11-17,300390.SZ,/mnt/team/research-share/huangchunyang/etfmm_oe/wangcai_log_v2/passive_own/2025-11-17.log:628
2025-11-17,300390.SZ,/mnt/team/research-share/huangchunyang/etfmm_oe/wangcai_log_v2/passive_own/2025-11-17.log:629
2025-11-17,300390.SZ,/mnt/team/research-share/huangchunyang/etfmm_oe/wangcai_log_v2/passive_own/2025-11-17.log:631
2025-11-17,Unknown,/mnt/team/research-share/huangchunyang/etfmm_oe/wangcai_log_v2/passive_own/2025-11-17.log:633
2025-11-17,688005.SH,/mnt/team/research-share/huangchunyang/etfmm_oe/wangcai_log_v2/passive_own/2025-11-17.log:8788
2025-11-17,688005.SH,/mnt/team/research-share/huangchunyang/etfmm_oe/wangcai_log_v2/passive_own/2025-11-17.log:8789
2025-11-17,688005.SH,/mnt/team/research-share/huangchunyang/etfmm_oe/wangcai_log_v2/passive_own/2025-11-17.log:8791
2025-11-17,688707.SH,/mnt/team/research-share/huangchunyang/etfmm_oe/wangcai_log_v2/passive_own/2025-11-17.log:8875
2025-11-19,Unknown,/mnt/team/research-share/huangchunyang/etfmm_oe/wangcai_log_v2/passive_own/2025-11-19.log:1943
2025-11-19,Unknown,/mnt/team/research-share/huangchunyang/etfmm_oe/wangcai_log_v2/passive_own/2025-11-19.log:5431
2025-12-08,300342.SZ,/mnt/team/research-share/huangchunyang/etfmm_oe/wangcai_log_v2/passive_own/2025-12-08.log:19642
2025-12-08,300342.SZ,/mnt/team/research-share/huangchunyang/etfmm_oe/wangcai_log_v2/passive_own/2025-12-08.log:19643
2025-12-08,300342.SZ,/mnt/team/research-share/huangchunyang/etfmm_oe/wangcai_log_v2/passive_own/2025-12-08.log:19645
2025-12-08,300342.SZ,/mnt/team/research-share/huangchunyang/etfmm_oe/wangcai_log_v2/passive_own/2025-12-08.log:19646
2025-12-08,300342.SZ,/mnt/team/research-share/huangchunyang/etfmm_oe/wangcai_log_v2/passive_own/2025-12-08.log:19648
2025-12-08,300342.SZ,/mnt/team/research-share/huangchunyang/etfmm_oe/wangcai_log_v2/passive_own/2025-12-08.log:19649
2025-12-08,Unknown,/mnt/team/research-share/huangchunyang/etfmm_oe/wangcai_log_v2/passive_own/2025-12-08.log:19651
2025-12-08,300342.SZ,/mnt/team/research-share/huangchunyang/etfmm_oe/wangcai_log_v2/passive_own/2025-12-08.log:20548
2025-12-08,300342.SZ,/mnt/team/research-share/huangchunyang/etfmm_oe/wangcai_log_v2/passive_own/2025-12-08.log:20550
2025-12-08,Unknown,/mnt/team/research-share/huangchunyang/etfmm_oe/wangcai_log_v2/passive_own/2025-12-08.log:20552
2025-12-11,600105.SH,/mnt/team/research-share/huangchunyang/etfmm_oe/wangcai_log_v2/passive_own/2025-12-11.log:23664
2025-12-11,600105.SH,/mnt/team/research-share/huangchunyang/etfmm_oe/wangcai_log_v2/passive_own/2025-12-11.log:23665
2025-12-11,600105.SH,/mnt/team/research-share/huangchunyang/etfmm_oe/wangcai_log_v2/passive_own/2025-12-11.log:23667
2025-12-11,600105.SH,/mnt/team/research-share/huangchunyang/etfmm_oe/wangcai_log_v2/passive_own/2025-12-11.log:23668
2025-12-11,600105.SH,/mnt/team/research-share/huangchunyang/etfmm_oe/wangcai_log_v2/passive_own/2025-12-11.log:23670
2025-12-11,600105.SH,/mnt/team/research-share/huangchunyang/etfmm_oe/wangcai_log_v2/passive_own/2025-12-11.log:23671
2025-12-11,600105.SH,/mnt/team/research-share/huangchunyang/etfmm_oe/wangcai_log_v2/passive_own/2025-12-11.log:23673
2025-12-11,600105.SH,/mnt/team/research-share/huangchunyang/etfmm_oe/wangcai_log_v2/passive_own/2025-12-11.log:23674
2025-12-11,600105.SH,/mnt/team/research-share/huangchunyang/etfmm_oe/wangcai_log_v2/passive_own/2025-12-11.log:23676
2025-12-11,Unknown,/mnt/team/research-share/huangchunyang/etfmm_oe/wangcai_log_v2/passive_own/2025-12-11.log:23678
2025-12-12,301205.SZ,/mnt/team/research-share/huangchunyang/etfmm_oe/wangcai_log_v2/passive_own/2025-12-12.log:91
