order_id,direction,volume,price,delta_position,match_time
PASSIVE_1008,B,0,16.73,2400,2024-01-02 09:39:09.000
PASSIVE_1013,B,0,16.77,3600,2024-01-02 09:43:09.000
PASSIVE_1014,B,0,16.78,3900,2024-01-02 09:44:09.000
PASSIVE_1016,B,0,16.8,4200,2024-01-02 09:45:09.000
PASSIVE_1025,B,0,16.79,6300,2024-01-02 09:52:09.000
PASSIVE_1029,B,0,16.82,7200,2024-01-02 09:55:12.000
PASSIVE_1037,B,0,16.81,9300,2024-01-02 10:02:09.000
PASSIVE_1038,B,0,16.82,9600,2024-01-02 10:03:09.000
PASSIVE_1040,B,0,16.83,9900,2024-01-02 10:04:12.000
PASSIVE_1042,B,0,16.83,10200,2024-01-02 10:05:12.000
PASSIVE_1044,B,0,16.84,10500,2024-01-02 10:06:09.000
PASSIVE_1046,B,0,16.85,10800,2024-01-02 10:07:09.000
PASSIVE_1048,B,0,16.86,11100,2024-01-02 10:08:09.000
PASSIVE_1052,B,0,16.86,11700,2024-01-02 10:10:09.000
PASSIVE_1057,B,0,16.89,12900,2024-01-02 10:14:09.000
PASSIVE_1058,B,0,16.89,13200,2024-01-02 10:15:09.000
PASSIVE_1062,B,0,16.95,13800,2024-01-02 10:17:09.000
PASSIVE_1063,B,0,16.95,14400,2024-01-02 10:18:09.000
PASSIVE_1068,B,0,16.95,15300,2024-01-02 10:21:09.000
PASSIVE_1073,B,0,16.95,16200,2024-01-02 10:25:09.000
PASSIVE_1080,B,0,16.96,18000,2024-01-02 10:31:09.000
PASSIVE_1081,B,0,16.97,18300,2024-01-02 10:32:09.000
PASSIVE_1083,B,0,16.99,18600,2024-01-02 10:33:09.000
PASSIVE_1089,B,0,17.03,19800,2024-01-02 10:37:09.000
PASSIVE_1090,B,0,17.04,20100,2024-01-02 10:38:09.000
PASSIVE_1092,B,0,17.07,20400,2024-01-02 10:39:09.000
PASSIVE_1094,B,0,17.08,20700,2024-01-02 10:40:09.000
PASSIVE_1100,B,0,17.04,21900,2024-01-02 10:44:09.000
PASSIVE_1110,B,0,17.0,24600,2024-01-02 10:53:09.000
PASSIVE_1117,B,0,16.93,26400,2024-01-02 10:59:09.000
PASSIVE_1121,B,0,16.92,27300,2024-01-02 11:02:09.000
PASSIVE_1122,B,0,16.93,27900,2024-01-02 11:03:09.000
PASSIVE_1126,B,0,16.93,28200,2024-01-02 11:05:09.000
PASSIVE_1130,B,0,16.93,29100,2024-01-02 11:08:09.000
PASSIVE_1131,B,0,16.93,29400,2024-01-02 11:09:09.000
PASSIVE_1133,B,0,16.93,29700,2024-01-02 11:10:09.000
PASSIVE_1140,B,0,16.92,31200,2024-01-02 11:15:09.000
PASSIVE_1143,B,0,16.93,32100,2024-01-02 11:17:09.000
PASSIVE_1146,B,0,16.95,32700,2024-01-02 11:19:09.000
PASSIVE_1149,B,0,16.94,33000,2024-01-02 11:21:09.000
PASSIVE_1152,B,0,16.92,33600,2024-01-02 11:23:09.000
PASSIVE_1153,B,0,16.93,33900,2024-01-02 11:24:09.000
PASSIVE_1162,B,0,16.95,36000,2024-01-02 13:00:00.000
PASSIVE_1164,B,0,16.94,36600,2024-01-02 13:01:09.000
PASSIVE_1169,B,0,16.95,37500,2024-01-02 13:05:09.000
PASSIVE_1170,B,0,16.97,37800,2024-01-02 13:06:09.000
PASSIVE_1172,B,0,16.98,38100,2024-01-02 13:07:09.000
PASSIVE_1174,B,0,16.98,38700,2024-01-02 13:08:09.000
PASSIVE_1178,B,0,17.0,39000,2024-01-02 13:10:09.000
PASSIVE_1179,B,0,17.0,39300,2024-01-02 13:11:09.000
PASSIVE_1181,B,0,17.0,39600,2024-01-02 13:12:09.000
PASSIVE_1183,B,0,17.03,39900,2024-01-02 13:13:09.000
PASSIVE_1185,B,0,17.03,40200,2024-01-02 13:14:09.000
PASSIVE_1193,B,0,17.01,42300,2024-01-02 13:20:09.000
PASSIVE_1196,B,0,17.0,42600,2024-01-02 13:22:09.000
PASSIVE_1197,B,0,17.0,42900,2024-01-02 13:23:12.000
PASSIVE_1199,B,0,17.0,43200,2024-01-02 13:24:12.000
PASSIVE_1201,B,0,17.01,43800,2024-01-02 13:25:09.000
PASSIVE_1205,B,0,17.03,44100,2024-01-02 13:27:09.000
PASSIVE_1206,B,0,17.03,44400,2024-01-02 13:28:09.000
PASSIVE_1212,B,0,17.03,45600,2024-01-02 13:32:09.000
PASSIVE_1220,B,0,17.0,48000,2024-01-02 13:39:09.000
PASSIVE_1225,B,0,17.01,48900,2024-01-02 13:43:09.000
PASSIVE_1226,B,0,17.0,49200,2024-01-02 13:44:09.000
PASSIVE_1228,B,0,17.0,49500,2024-01-02 13:45:09.000
PASSIVE_1230,B,0,17.0,49800,2024-01-02 13:46:09.000
PASSIVE_1240,B,0,16.97,52500,2024-01-02 13:54:09.000
PASSIVE_1244,B,0,16.97,53100,2024-01-02 13:57:09.000
PASSIVE_1245,B,0,16.98,53400,2024-01-02 13:58:09.000
PASSIVE_1247,B,0,16.99,53700,2024-01-02 13:59:09.000
PASSIVE_1257,B,0,16.95,56400,2024-01-02 14:07:09.000
PASSIVE_1271,B,0,16.93,60000,2024-01-02 14:20:09.000
PASSIVE_1272,B,0,16.93,60600,2024-01-02 14:21:09.000
PASSIVE_1276,B,0,16.94,61200,2024-01-02 14:23:09.000
PASSIVE_1281,B,0,16.93,62100,2024-01-02 14:27:09.000
PASSIVE_1282,B,0,16.93,62400,2024-01-02 14:28:09.000
PASSIVE_1284,B,0,16.92,62700,2024-01-02 14:29:09.000
PASSIVE_1289,B,0,16.93,63600,2024-01-02 14:32:09.000
PASSIVE_1290,B,0,16.94,64200,2024-01-02 14:33:09.000
PASSIVE_1295,B,0,16.93,65100,2024-01-02 14:36:09.000
PASSIVE_1298,B,0,16.93,65400,2024-01-02 14:38:09.000
PASSIVE_1299,B,0,16.92,66000,2024-01-02 14:39:09.000
PASSIVE_1303,B,0,16.93,66600,2024-01-02 14:41:09.000
PASSIVE_1307,B,0,16.91,67500,2024-01-02 14:44:09.000
PASSIVE_1314,B,0,16.9,69000,2024-01-02 14:50:09.000
PASSIVE_1318,B,0,16.9,69900,2024-01-02 14:53:09.000
PASSIVE_1319,B,0,16.9,70200,2024-01-02 14:54:09.000
