order_id,order_time,exchange,exchange_name,direction,direction_name,volume,price,ask1,bid1,delta_position
PASSIVE_1000,2024-01-02 09:30:09.000,0,上海,1,买入,300,16.74,16.75,16.74,0
PASSIVE_1001,2024-01-02 09:31:09.000,0,上海,1,买入,300,16.65,16.67,16.65,300
PASSIVE_1002,2024-01-02 09:32:09.000,0,上海,1,买入,300,16.65,16.66,16.65,600
PASSIVE_1003,2024-01-02 09:33:09.000,0,上海,1,买入,300,16.65,16.66,16.65,900
PASSIVE_1004,2024-01-02 09:34:09.000,0,上海,1,买入,300,16.66,16.67,16.66,1200
PASSIVE_1005,2024-01-02 09:35:09.000,0,上海,1,买入,300,16.64,16.65,16.64,1500
PASSIVE_1006,2024-01-02 09:36:09.000,0,上海,1,买入,300,16.68,16.69,16.68,1800
PASSIVE_1007,2024-01-02 09:37:09.000,0,上海,1,买入,300,16.72,16.74,16.72,2100
PASSIVE_1008,2024-01-02 09:38:09.000,0,上海,1,买入,300,16.73,16.74,16.73,2400
PASSIVE_1009,2024-01-02 09:39:09.000,0,上海,1,买入,300,16.77,16.78,16.77,2400
PASSIVE_MKT_1010,2024-01-02 09:39:09.000,0,上海,1,买入,300,16.78,16.78,16.77,2400
PASSIVE_1011,2024-01-02 09:40:09.000,0,上海,1,买入,300,16.76,16.77,16.76,3000
PASSIVE_1012,2024-01-02 09:41:09.000,0,上海,1,买入,300,16.78,16.79,16.78,3300
PASSIVE_1013,2024-01-02 09:42:09.000,0,上海,1,买入,300,16.77,16.79,16.77,3600
PASSIVE_1014,2024-01-02 09:43:09.000,0,上海,1,买入,300,16.78,16.79,16.78,3600
PASSIVE_MKT_1015,2024-01-02 09:43:09.000,0,上海,1,买入,300,16.79,16.79,16.78,3600
PASSIVE_1016,2024-01-02 09:44:09.000,0,上海,1,买入,300,16.8,16.81,16.8,3900
PASSIVE_MKT_1017,2024-01-02 09:44:09.000,0,上海,1,买入,300,16.81,16.81,16.8,3900
PASSIVE_1018,2024-01-02 09:45:09.000,0,上海,1,买入,300,16.82,16.83,16.82,4200
PASSIVE_MKT_1019,2024-01-02 09:45:09.000,0,上海,1,买入,300,16.83,16.83,16.82,4200
PASSIVE_1020,2024-01-02 09:46:09.000,0,上海,1,买入,300,16.82,16.83,16.82,4800
PASSIVE_1021,2024-01-02 09:47:09.000,0,上海,1,买入,300,16.82,16.83,16.82,5100
PASSIVE_1022,2024-01-02 09:48:09.000,0,上海,1,买入,300,16.82,16.83,16.82,5400
PASSIVE_1023,2024-01-02 09:49:09.000,0,上海,1,买入,300,16.79,16.8,16.79,5700
PASSIVE_1024,2024-01-02 09:50:09.000,0,上海,1,买入,300,16.79,16.8,16.79,6000
PASSIVE_1025,2024-01-02 09:51:09.000,0,上海,1,买入,300,16.79,16.8,16.79,6300
PASSIVE_1026,2024-01-02 09:52:09.000,0,上海,1,买入,300,16.81,16.82,16.81,6300
PASSIVE_MKT_1027,2024-01-02 09:52:09.000,0,上海,1,买入,300,16.82,16.82,16.81,6300
PASSIVE_1028,2024-01-02 09:53:09.000,0,上海,1,买入,300,16.81,16.82,16.81,6900
PASSIVE_1029,2024-01-02 09:54:12.000,0,上海,1,买入,300,16.82,16.83,16.82,7200
PASSIVE_1030,2024-01-02 09:55:09.000,0,上海,1,买入,300,16.84,16.85,16.84,7200
PASSIVE_MKT_1031,2024-01-02 09:55:12.000,0,上海,1,买入,300,16.85,16.85,16.84,7200
PASSIVE_1032,2024-01-02 09:56:09.000,0,上海,1,买入,300,16.84,16.85,16.84,7800
PASSIVE_1033,2024-01-02 09:57:09.000,0,上海,1,买入,300,16.83,16.84,16.83,8100
PASSIVE_1034,2024-01-02 09:58:09.000,0,上海,1,买入,300,16.83,16.84,16.83,8400
PASSIVE_1035,2024-01-02 09:59:09.000,0,上海,1,买入,300,16.83,16.84,16.83,8700
PASSIVE_1036,2024-01-02 10:00:09.000,0,上海,1,买入,300,16.81,16.82,16.81,9000
PASSIVE_1037,2024-01-02 10:01:09.000,0,上海,1,买入,300,16.81,16.82,16.81,9300
PASSIVE_1038,2024-01-02 10:02:09.000,0,上海,1,买入,300,16.82,16.83,16.82,9300
PASSIVE_MKT_1039,2024-01-02 10:02:09.000,0,上海,1,买入,300,16.83,16.83,16.82,9300
PASSIVE_1040,2024-01-02 10:03:09.000,0,上海,1,买入,300,16.83,16.84,16.83,9600
PASSIVE_MKT_1041,2024-01-02 10:03:09.000,0,上海,1,买入,300,16.84,16.84,16.83,9600
PASSIVE_1042,2024-01-02 10:04:12.000,0,上海,1,买入,300,16.83,16.84,16.83,9900
PASSIVE_MKT_1043,2024-01-02 10:04:12.000,0,上海,1,买入,300,16.84,16.84,16.83,9900
PASSIVE_1044,2024-01-02 10:05:09.000,0,上海,1,买入,300,16.84,16.85,16.84,10200
PASSIVE_MKT_1045,2024-01-02 10:05:12.000,0,上海,1,买入,300,16.85,16.85,16.84,10200
PASSIVE_1046,2024-01-02 10:06:09.000,0,上海,1,买入,300,16.85,16.86,16.85,10500
PASSIVE_MKT_1047,2024-01-02 10:06:09.000,0,上海,1,买入,300,16.86,16.86,16.85,10500
PASSIVE_1048,2024-01-02 10:07:09.000,0,上海,1,买入,300,16.86,16.87,16.86,10800
PASSIVE_MKT_1049,2024-01-02 10:07:09.000,0,上海,1,买入,300,16.87,16.87,16.86,10800
PASSIVE_1050,2024-01-02 10:08:09.000,0,上海,1,买入,300,16.86,16.87,16.86,11100
PASSIVE_MKT_1051,2024-01-02 10:08:09.000,0,上海,1,买入,300,16.87,16.87,16.86,11100
PASSIVE_1052,2024-01-02 10:09:09.000,0,上海,1,买入,300,16.86,16.87,16.86,11700
PASSIVE_1053,2024-01-02 10:10:09.000,0,上海,1,买入,300,16.89,16.9,16.89,11700
PASSIVE_MKT_1054,2024-01-02 10:10:09.000,0,上海,1,买入,300,16.9,16.9,16.89,11700
PASSIVE_1055,2024-01-02 10:11:09.000,0,上海,1,买入,300,16.89,16.9,16.89,12300
PASSIVE_1056,2024-01-02 10:12:09.000,0,上海,1,买入,300,16.89,16.9,16.89,12600
PASSIVE_1057,2024-01-02 10:13:09.000,0,上海,1,买入,300,16.89,16.9,16.89,12900
PASSIVE_1058,2024-01-02 10:14:09.000,0,上海,1,买入,300,16.89,16.9,16.89,12900
PASSIVE_MKT_1059,2024-01-02 10:14:09.000,0,上海,1,买入,300,16.9,16.9,16.89,12900
PASSIVE_1060,2024-01-02 10:15:09.000,0,上海,1,买入,300,16.94,16.95,16.94,13200
PASSIVE_MKT_1061,2024-01-02 10:15:09.000,0,上海,1,买入,300,16.95,16.95,16.94,13200
PASSIVE_1062,2024-01-02 10:16:09.000,0,上海,1,买入,300,16.95,16.96,16.95,13800
PASSIVE_1063,2024-01-02 10:17:09.000,0,上海,1,买入,300,16.95,16.97,16.96,13800
PASSIVE_MKT_1064,2024-01-02 10:17:09.000,0,上海,1,买入,300,16.96,16.97,16.96,13800
PASSIVE_1065,2024-01-02 10:18:09.000,0,上海,1,买入,300,16.95,16.95,16.94,14100
PASSIVE_MKT_1066,2024-01-02 10:18:09.000,0,上海,1,买入,300,16.96,16.95,16.94,14400
PASSIVE_1067,2024-01-02 10:19:09.000,0,上海,1,买入,300,16.95,16.95,16.94,14700
PASSIVE_1068,2024-01-02 10:20:09.000,0,上海,1,买入,300,16.95,16.96,16.94,15000
PASSIVE_1069,2024-01-02 10:21:09.000,0,上海,1,买入,300,16.95,16.95,16.94,15000
PASSIVE_MKT_1070,2024-01-02 10:21:09.000,0,上海,1,买入,300,16.96,16.95,16.94,15300
PASSIVE_1071,2024-01-02 10:22:09.000,0,上海,1,买入,300,16.95,16.95,16.94,15600
PASSIVE_1072,2024-01-02 10:23:09.000,0,上海,1,买入,300,16.95,16.95,16.94,15900
PASSIVE_1073,2024-01-02 10:24:09.000,0,上海,1,买入,300,16.95,16.96,16.94,16200
PASSIVE_1074,2024-01-02 10:25:09.000,0,上海,1,买入,300,16.94,16.95,16.94,16200
PASSIVE_MKT_1075,2024-01-02 10:25:09.000,0,上海,1,买入,300,16.95,16.95,16.94,16200
PASSIVE_1076,2024-01-02 10:26:09.000,0,上海,1,买入,300,16.94,16.95,16.94,16800
PASSIVE_1077,2024-01-02 10:27:09.000,0,上海,1,买入,300,16.96,16.96,16.94,17100
PASSIVE_1078,2024-01-02 10:28:09.000,0,上海,1,买入,300,16.96,16.96,16.94,17400
PASSIVE_1079,2024-01-02 10:29:09.000,0,上海,1,买入,300,16.96,16.97,16.96,17700
PASSIVE_1080,2024-01-02 10:30:09.000,0,上海,1,买入,300,16.96,16.97,16.96,18000
PASSIVE_1081,2024-01-02 10:31:09.000,0,上海,1,买入,300,16.97,16.98,16.97,18000
PASSIVE_MKT_1082,2024-01-02 10:31:09.000,0,上海,1,买入,300,16.98,16.98,16.97,18000
PASSIVE_1083,2024-01-02 10:32:09.000,0,上海,1,买入,300,16.99,17.0,16.99,18300
PASSIVE_MKT_1084,2024-01-02 10:32:09.000,0,上海,1,买入,300,17.0,17.0,16.99,18300
PASSIVE_1085,2024-01-02 10:33:09.000,0,上海,1,买入,300,17.01,17.02,17.01,18600
PASSIVE_MKT_1086,2024-01-02 10:33:09.000,0,上海,1,买入,300,17.02,17.02,17.01,18600
PASSIVE_1087,2024-01-02 10:34:09.000,0,上海,1,买入,300,17.0,17.02,17.0,19200
PASSIVE_1088,2024-01-02 10:35:09.000,0,上海,1,买入,300,17.01,17.01,17.0,19500
PASSIVE_1089,2024-01-02 10:36:09.000,0,上海,1,买入,300,17.03,17.04,17.03,19800
PASSIVE_1090,2024-01-02 10:37:09.000,0,上海,1,买入,300,17.04,17.05,17.04,19800
PASSIVE_MKT_1091,2024-01-02 10:37:09.000,0,上海,1,买入,300,17.05,17.05,17.04,19800
PASSIVE_1092,2024-01-02 10:38:09.000,0,上海,1,买入,300,17.07,17.1,17.09,20100
PASSIVE_MKT_1093,2024-01-02 10:38:09.000,0,上海,1,买入,300,17.09,17.1,17.09,20100
PASSIVE_1094,2024-01-02 10:39:09.000,0,上海,1,买入,300,17.08,17.09,17.08,20400
PASSIVE_MKT_1095,2024-01-02 10:39:09.000,0,上海,1,买入,300,17.09,17.09,17.08,20400
PASSIVE_1096,2024-01-02 10:40:09.000,0,上海,1,买入,300,17.09,17.1,17.09,20700
PASSIVE_MKT_1097,2024-01-02 10:40:09.000,0,上海,1,买入,300,17.1,17.1,17.09,20700
PASSIVE_1098,2024-01-02 10:41:09.000,0,上海,1,买入,300,17.08,17.09,17.08,21300
PASSIVE_1099,2024-01-02 10:42:09.000,0,上海,1,买入,300,17.05,17.06,17.05,21600
PASSIVE_1100,2024-01-02 10:43:09.000,0,上海,1,买入,300,17.04,17.05,17.04,21900
PASSIVE_1101,2024-01-02 10:44:09.000,0,上海,1,买入,300,17.04,17.05,17.04,21900
PASSIVE_MKT_1102,2024-01-02 10:44:09.000,0,上海,1,买入,300,17.05,17.05,17.04,21900
PASSIVE_1103,2024-01-02 10:45:09.000,0,上海,1,买入,300,17.04,17.05,17.04,22500
PASSIVE_1104,2024-01-02 10:46:09.000,0,上海,1,买入,300,17.04,17.05,17.04,22800
PASSIVE_1105,2024-01-02 10:47:09.000,0,上海,1,买入,300,17.04,17.05,17.04,23100
PASSIVE_1106,2024-01-02 10:48:09.000,0,上海,1,买入,300,17.02,17.03,17.02,23400
PASSIVE_1107,2024-01-02 10:49:09.000,0,上海,1,买入,300,17.01,17.02,17.01,23700
PASSIVE_1108,2024-01-02 10:50:09.000,0,上海,1,买入,300,17.01,17.02,17.01,24000
PASSIVE_1109,2024-01-02 10:51:09.000,0,上海,1,买入,300,17.01,17.02,17.01,24300
PASSIVE_1110,2024-01-02 10:52:09.000,0,上海,1,买入,300,17.0,17.01,17.0,24600
PASSIVE_1111,2024-01-02 10:53:09.000,0,上海,1,买入,300,17.0,17.01,17.0,24600
PASSIVE_MKT_1112,2024-01-02 10:53:09.000,0,上海,1,买入,300,17.01,17.01,17.0,24600
PASSIVE_1113,2024-01-02 10:54:09.000,0,上海,1,买入,300,17.0,17.01,17.0,25200
PASSIVE_1114,2024-01-02 10:55:09.000,0,上海,1,买入,300,16.98,16.99,16.98,25500
PASSIVE_1115,2024-01-02 10:56:09.000,0,上海,1,买入,300,16.96,16.97,16.96,25800
PASSIVE_1116,2024-01-02 10:57:09.000,0,上海,1,买入,300,16.95,16.95,16.94,26100
PASSIVE_1117,2024-01-02 10:58:09.000,0,上海,1,买入,300,16.93,16.94,16.93,26400
PASSIVE_1118,2024-01-02 10:59:09.000,0,上海,1,买入,300,16.94,16.95,16.94,26400
PASSIVE_MKT_1119,2024-01-02 10:59:09.000,0,上海,1,买入,300,16.95,16.95,16.94,26400
PASSIVE_1120,2024-01-02 11:00:09.000,0,上海,1,买入,300,16.93,16.94,16.93,27000
PASSIVE_1121,2024-01-02 11:01:09.000,0,上海,1,买入,300,16.92,16.93,16.92,27300
PASSIVE_1122,2024-01-02 11:02:09.000,0,上海,1,买入,300,16.93,16.94,16.93,27300
PASSIVE_MKT_1123,2024-01-02 11:02:09.000,0,上海,1,买入,300,16.94,16.94,16.93,27300
PASSIVE_1124,2024-01-02 11:03:09.000,0,上海,1,买入,300,16.94,16.94,16.93,27600
PASSIVE_MKT_1125,2024-01-02 11:03:09.000,0,上海,1,买入,300,16.95,16.94,16.93,27900
PASSIVE_1126,2024-01-02 11:04:09.000,0,上海,1,买入,300,16.93,16.95,16.93,28200
PASSIVE_1127,2024-01-02 11:05:09.000,0,上海,1,买入,300,16.94,16.95,16.94,28200
PASSIVE_MKT_1128,2024-01-02 11:05:09.000,0,上海,1,买入,300,16.95,16.95,16.94,28200
PASSIVE_1129,2024-01-02 11:06:09.000,0,上海,1,买入,300,16.94,16.95,16.94,28800
PASSIVE_1130,2024-01-02 11:07:09.000,0,上海,1,买入,300,16.93,16.94,16.93,29100
PASSIVE_1131,2024-01-02 11:08:09.000,0,上海,1,买入,300,16.93,16.94,16.93,29100
PASSIVE_MKT_1132,2024-01-02 11:08:09.000,0,上海,1,买入,300,16.94,16.94,16.93,29100
PASSIVE_1133,2024-01-02 11:09:09.000,0,上海,1,买入,300,16.93,16.94,16.93,29400
PASSIVE_MKT_1134,2024-01-02 11:09:09.000,0,上海,1,买入,300,16.94,16.94,16.93,29400
PASSIVE_1135,2024-01-02 11:10:09.000,0,上海,1,买入,300,16.93,16.94,16.93,29700
PASSIVE_MKT_1136,2024-01-02 11:10:09.000,0,上海,1,买入,300,16.94,16.94,16.93,29700
PASSIVE_1137,2024-01-02 11:11:09.000,0,上海,1,买入,300,16.92,16.93,16.92,30300
PASSIVE_1138,2024-01-02 11:12:09.000,0,上海,1,买入,300,16.92,16.93,16.92,30600
PASSIVE_1139,2024-01-02 11:13:09.000,0,上海,1,买入,300,16.93,16.94,16.93,30900
PASSIVE_1140,2024-01-02 11:14:09.000,0,上海,1,买入,300,16.92,16.94,16.92,31200
PASSIVE_1141,2024-01-02 11:15:09.000,0,上海,1,买入,300,16.93,16.94,16.93,31200
PASSIVE_MKT_1142,2024-01-02 11:15:09.000,0,上海,1,买入,300,16.94,16.94,16.93,31200
PASSIVE_1143,2024-01-02 11:16:09.000,0,上海,1,买入,300,16.93,16.94,16.93,31800
PASSIVE_1144,2024-01-02 11:17:09.000,0,上海,1,买入,300,16.95,16.95,16.94,31800
PASSIVE_MKT_1145,2024-01-02 11:17:09.000,0,上海,1,买入,300,16.96,16.95,16.94,32100
PASSIVE_1146,2024-01-02 11:18:09.000,0,上海,1,买入,300,16.95,16.96,16.94,32400
PASSIVE_1147,2024-01-02 11:19:09.000,0,上海,1,买入,300,16.95,16.95,16.94,32400
PASSIVE_MKT_1148,2024-01-02 11:19:09.000,0,上海,1,买入,300,16.96,16.95,16.94,32700
PASSIVE_1149,2024-01-02 11:20:09.000,0,上海,1,买入,300,16.94,16.95,16.94,33000
PASSIVE_1150,2024-01-02 11:21:09.000,0,上海,1,买入,300,16.94,16.95,16.94,33000
PASSIVE_MKT_1151,2024-01-02 11:21:09.000,0,上海,1,买入,300,16.95,16.95,16.94,33000
PASSIVE_1152,2024-01-02 11:22:09.000,0,上海,1,买入,300,16.92,16.93,16.92,33600
PASSIVE_1153,2024-01-02 11:23:09.000,0,上海,1,买入,300,16.93,16.94,16.93,33600
PASSIVE_MKT_1154,2024-01-02 11:23:09.000,0,上海,1,买入,300,16.94,16.94,16.93,33600
PASSIVE_1155,2024-01-02 11:24:09.000,0,上海,1,买入,300,16.94,16.95,16.94,33900
PASSIVE_MKT_1156,2024-01-02 11:24:09.000,0,上海,1,买入,300,16.95,16.95,16.94,33900
PASSIVE_1157,2024-01-02 11:25:09.000,0,上海,1,买入,300,16.94,16.95,16.94,34500
PASSIVE_1158,2024-01-02 11:26:18.000,0,上海,1,买入,300,16.93,16.93,16.92,34800
PASSIVE_1159,2024-01-02 11:27:09.000,0,上海,1,买入,300,16.93,16.93,16.92,35100
PASSIVE_1160,2024-01-02 11:28:09.000,0,上海,1,买入,300,16.94,16.95,16.94,35400
PASSIVE_1161,2024-01-02 11:29:09.000,0,上海,1,买入,300,16.94,16.94,16.92,35700
PASSIVE_1162,2024-01-02 11:30:00.000,0,上海,1,买入,300,16.95,16.96,16.94,36000
PASSIVE_MKT_1163,2024-01-02 13:00:00.000,0,上海,1,买入,300,16.96,16.96,16.94,36000
PASSIVE_1164,2024-01-02 13:00:09.000,0,上海,1,买入,300,16.94,16.95,16.94,36300
PASSIVE_1165,2024-01-02 13:01:09.000,0,上海,1,买入,300,16.95,16.95,16.94,36300
PASSIVE_MKT_1166,2024-01-02 13:01:09.000,0,上海,1,买入,300,16.96,16.95,16.94,36600
PASSIVE_1167,2024-01-02 13:02:09.000,0,上海,1,买入,300,16.95,16.95,16.94,36900
PASSIVE_1168,2024-01-02 13:03:09.000,0,上海,1,买入,300,16.95,16.95,16.94,37200
PASSIVE_1169,2024-01-02 13:04:09.000,0,上海,1,买入,300,16.95,16.96,16.94,37500
PASSIVE_1170,2024-01-02 13:05:09.000,0,上海,1,买入,300,16.97,16.99,16.98,37500
PASSIVE_MKT_1171,2024-01-02 13:05:09.000,0,上海,1,买入,300,16.98,16.99,16.98,37500
PASSIVE_1172,2024-01-02 13:06:09.000,0,上海,1,买入,300,16.98,16.99,16.98,37800
PASSIVE_MKT_1173,2024-01-02 13:06:09.000,0,上海,1,买入,300,16.99,16.99,16.98,37800
PASSIVE_1174,2024-01-02 13:07:09.000,0,上海,1,买入,300,16.98,16.99,16.98,38100
PASSIVE_MKT_1175,2024-01-02 13:07:09.000,0,上海,1,买入,300,16.99,16.99,16.98,38100
PASSIVE_1176,2024-01-02 13:08:09.000,0,上海,1,买入,300,17.0,17.0,16.99,38400
PASSIVE_MKT_1177,2024-01-02 13:08:09.000,0,上海,1,买入,300,17.01,17.0,16.99,38700
PASSIVE_1178,2024-01-02 13:09:09.000,0,上海,1,买入,300,17.0,17.01,17.0,39000
PASSIVE_1179,2024-01-02 13:10:09.000,0,上海,1,买入,300,17.0,17.02,17.01,39000
PASSIVE_MKT_1180,2024-01-02 13:10:09.000,0,上海,1,买入,300,17.02,17.02,17.01,39000
PASSIVE_1181,2024-01-02 13:11:09.000,0,上海,1,买入,300,17.0,17.01,17.0,39300
PASSIVE_MKT_1182,2024-01-02 13:11:09.000,0,上海,1,买入,300,17.02,17.01,17.0,39300
PASSIVE_1183,2024-01-02 13:12:09.000,0,上海,1,买入,300,17.03,17.04,17.03,39600
PASSIVE_MKT_1184,2024-01-02 13:12:09.000,0,上海,1,买入,300,17.04,17.04,17.03,39600
PASSIVE_1185,2024-01-02 13:13:09.000,0,上海,1,买入,300,17.03,17.04,17.03,39900
PASSIVE_MKT_1186,2024-01-02 13:13:09.000,0,上海,1,买入,300,17.04,17.04,17.03,39900
PASSIVE_1187,2024-01-02 13:14:09.000,0,上海,1,买入,300,17.03,17.04,17.03,40200
PASSIVE_MKT_1188,2024-01-02 13:14:09.000,0,上海,1,买入,300,17.04,17.04,17.03,40200
PASSIVE_1189,2024-01-02 13:15:09.000,0,上海,1,买入,300,17.02,17.03,17.02,40800
PASSIVE_1190,2024-01-02 13:16:09.000,0,上海,1,买入,300,17.01,17.01,17.0,41100
PASSIVE_1191,2024-01-02 13:17:15.000,0,上海,1,买入,300,17.01,17.01,17.0,41400
PASSIVE_1192,2024-01-02 13:18:09.000,0,上海,1,买入,300,17.01,17.01,17.0,41700
PASSIVE_1193,2024-01-02 13:19:09.000,0,上海,1,买入,300,17.01,17.02,17.0,42000
PASSIVE_1194,2024-01-02 13:20:09.000,0,上海,1,买入,300,17.01,17.01,17.0,42000
PASSIVE_MKT_1195,2024-01-02 13:20:09.000,0,上海,1,买入,300,17.02,17.01,17.0,42300
PASSIVE_1196,2024-01-02 13:21:09.000,0,上海,1,买入,300,17.0,17.01,17.0,42600
PASSIVE_1197,2024-01-02 13:22:09.000,0,上海,1,买入,300,17.0,17.01,17.0,42600
PASSIVE_MKT_1198,2024-01-02 13:22:09.000,0,上海,1,买入,300,17.01,17.01,17.0,42600
PASSIVE_1199,2024-01-02 13:23:12.000,0,上海,1,买入,300,17.0,17.01,17.0,42900
PASSIVE_MKT_1200,2024-01-02 13:23:12.000,0,上海,1,买入,300,17.01,17.01,17.0,42900
PASSIVE_1201,2024-01-02 13:24:09.000,0,上海,1,买入,300,17.01,17.02,17.0,43200
PASSIVE_MKT_1202,2024-01-02 13:24:12.000,0,上海,1,买入,300,17.02,17.02,17.0,43200
PASSIVE_1203,2024-01-02 13:25:09.000,0,上海,1,买入,300,17.01,17.01,17.0,43500
PASSIVE_MKT_1204,2024-01-02 13:25:09.000,0,上海,1,买入,300,17.02,17.01,17.0,43800
PASSIVE_1205,2024-01-02 13:26:09.000,0,上海,1,买入,300,17.03,17.04,17.03,44100
PASSIVE_1206,2024-01-02 13:27:09.000,0,上海,1,买入,300,17.03,17.04,17.03,44100
PASSIVE_MKT_1207,2024-01-02 13:27:09.000,0,上海,1,买入,300,17.04,17.04,17.03,44100
PASSIVE_1208,2024-01-02 13:28:09.000,0,上海,1,买入,300,17.03,17.04,17.03,44400
PASSIVE_MKT_1209,2024-01-02 13:28:09.000,0,上海,1,买入,300,17.04,17.04,17.03,44400
PASSIVE_1210,2024-01-02 13:29:09.000,0,上海,1,买入,300,17.03,17.04,17.03,45000
PASSIVE_1211,2024-01-02 13:30:09.000,0,上海,1,买入,300,17.03,17.04,17.03,45300
PASSIVE_1212,2024-01-02 13:31:09.000,0,上海,1,买入,300,17.03,17.04,17.03,45600
PASSIVE_1213,2024-01-02 13:32:09.000,0,上海,1,买入,300,17.03,17.04,17.03,45600
PASSIVE_MKT_1214,2024-01-02 13:32:09.000,0,上海,1,买入,300,17.04,17.04,17.03,45600
PASSIVE_1215,2024-01-02 13:33:09.000,0,上海,1,买入,300,17.02,17.02,17.0,46200
PASSIVE_1216,2024-01-02 13:34:09.000,0,上海,1,买入,300,17.0,17.01,17.0,46500
PASSIVE_1217,2024-01-02 13:35:09.000,0,上海,1,买入,300,17.01,17.01,17.0,46800
PASSIVE_1218,2024-01-02 13:36:09.000,0,上海,1,买入,300,17.0,17.01,17.0,47100
PASSIVE_1219,2024-01-02 13:37:09.000,0,上海,1,买入,300,17.0,17.01,17.0,47400
PASSIVE_1220,2024-01-02 13:38:09.000,0,上海,1,买入,300,17.0,17.01,17.0,47700
PASSIVE_1221,2024-01-02 13:39:09.000,0,上海,1,买入,300,17.01,17.01,17.0,47700
PASSIVE_MKT_1222,2024-01-02 13:39:09.000,0,上海,1,买入,300,17.02,17.01,17.0,48000
PASSIVE_1223,2024-01-02 13:40:09.000,0,上海,1,买入,300,17.01,17.01,17.0,48300
PASSIVE_1224,2024-01-02 13:41:09.000,0,上海,1,买入,300,17.01,17.01,17.0,48600
PASSIVE_1225,2024-01-02 13:42:09.000,0,上海,1,买入,300,17.01,17.02,17.0,48900
PASSIVE_1226,2024-01-02 13:43:09.000,0,上海,1,买入,300,17.0,17.01,17.0,48900
PASSIVE_MKT_1227,2024-01-02 13:43:09.000,0,上海,1,买入,300,17.01,17.01,17.0,48900
PASSIVE_1228,2024-01-02 13:44:09.000,0,上海,1,买入,300,17.0,17.01,17.0,49200
PASSIVE_MKT_1229,2024-01-02 13:44:09.000,0,上海,1,买入,300,17.01,17.01,17.0,49200
PASSIVE_1230,2024-01-02 13:45:09.000,0,上海,1,买入,300,17.0,17.01,17.0,49500
PASSIVE_MKT_1231,2024-01-02 13:45:09.000,0,上海,1,买入,300,17.01,17.01,17.0,49500
PASSIVE_1232,2024-01-02 13:46:09.000,0,上海,1,买入,300,17.0,17.01,17.0,49800
PASSIVE_MKT_1233,2024-01-02 13:46:09.000,0,上海,1,买入,300,17.01,17.01,17.0,49800
PASSIVE_1234,2024-01-02 13:47:09.000,0,上海,1,买入,300,17.0,17.01,17.0,50400
PASSIVE_1235,2024-01-02 13:48:09.000,0,上海,1,买入,300,16.99,17.0,16.99,50700
PASSIVE_1236,2024-01-02 13:49:09.000,0,上海,1,买入,300,16.98,16.99,16.98,51000
PASSIVE_1237,2024-01-02 13:50:09.000,0,上海,1,买入,300,16.98,17.0,16.98,51300
PASSIVE_1238,2024-01-02 13:51:09.000,0,上海,1,买入,300,16.98,16.99,16.98,51600
PASSIVE_1239,2024-01-02 13:52:09.000,0,上海,1,买入,300,16.98,16.99,16.98,51900
PASSIVE_1240,2024-01-02 13:53:09.000,0,上海,1,买入,300,16.97,16.98,16.96,52200
PASSIVE_1241,2024-01-02 13:54:09.000,0,上海,1,买入,300,16.97,16.97,16.96,52200
PASSIVE_MKT_1242,2024-01-02 13:54:09.000,0,上海,1,买入,300,16.98,16.97,16.96,52500
PASSIVE_1243,2024-01-02 13:55:09.000,0,上海,1,买入,300,16.97,16.97,16.96,52800
PASSIVE_1244,2024-01-02 13:56:09.000,0,上海,1,买入,300,16.97,16.98,16.96,53100
PASSIVE_1245,2024-01-02 13:57:09.000,0,上海,1,买入,300,16.98,16.99,16.98,53100
PASSIVE_MKT_1246,2024-01-02 13:57:09.000,0,上海,1,买入,300,16.99,16.99,16.98,53100
PASSIVE_1247,2024-01-02 13:58:09.000,0,上海,1,买入,300,16.99,17.0,16.99,53400
PASSIVE_MKT_1248,2024-01-02 13:58:09.000,0,上海,1,买入,300,17.0,17.0,16.99,53400
PASSIVE_1249,2024-01-02 13:59:09.000,0,上海,1,买入,300,16.99,17.0,16.99,53700
PASSIVE_MKT_1250,2024-01-02 13:59:09.000,0,上海,1,买入,300,17.0,17.0,16.99,53700
PASSIVE_1251,2024-01-02 14:00:09.000,0,上海,1,买入,300,16.99,17.0,16.99,54300
PASSIVE_1252,2024-01-02 14:01:09.000,0,上海,1,买入,300,16.98,16.99,16.98,54600
PASSIVE_1253,2024-01-02 14:02:09.000,0,上海,1,买入,300,16.98,16.99,16.98,54900
PASSIVE_1254,2024-01-02 14:03:09.000,0,上海,1,买入,300,16.96,16.97,16.96,55200
PASSIVE_1255,2024-01-02 14:04:09.000,0,上海,1,买入,300,16.96,16.97,16.96,55500
PASSIVE_1256,2024-01-02 14:05:09.000,0,上海,1,买入,300,16.95,16.95,16.92,55800
PASSIVE_1257,2024-01-02 14:06:09.000,0,上海,1,买入,300,16.95,16.96,16.92,56100
PASSIVE_1258,2024-01-02 14:07:09.000,0,上海,1,买入,300,16.95,16.95,16.92,56100
PASSIVE_MKT_1259,2024-01-02 14:07:09.000,0,上海,1,买入,300,16.96,16.95,16.92,56400
PASSIVE_1260,2024-01-02 14:08:09.000,0,上海,1,买入,300,16.95,16.94,16.92,56700
PASSIVE_1261,2024-01-02 14:09:09.000,0,上海,1,买入,300,16.95,16.95,16.92,57000
PASSIVE_1262,2024-01-02 14:10:09.000,0,上海,1,买入,300,16.96,16.96,16.92,57300
PASSIVE_1263,2024-01-02 14:11:09.000,0,上海,1,买入,300,16.96,16.97,16.96,57600
PASSIVE_1264,2024-01-02 14:12:09.000,0,上海,1,买入,300,16.96,16.95,16.92,57900
PASSIVE_1265,2024-01-02 14:13:09.000,0,上海,1,买入,300,16.95,16.95,16.92,58200
PASSIVE_1266,2024-01-02 14:14:09.000,0,上海,1,买入,300,16.94,16.94,16.92,58500
PASSIVE_1267,2024-01-02 14:15:09.000,0,上海,1,买入,300,16.95,16.95,16.92,58800
PASSIVE_1268,2024-01-02 14:16:09.000,0,上海,1,买入,300,16.94,16.94,16.92,59100
PASSIVE_1269,2024-01-02 14:17:09.000,0,上海,1,买入,300,16.94,16.94,16.92,59400
PASSIVE_1270,2024-01-02 14:18:09.000,0,上海,1,买入,300,16.94,16.94,16.92,59700
PASSIVE_1271,2024-01-02 14:19:09.000,0,上海,1,买入,300,16.93,16.94,16.92,60000
PASSIVE_1272,2024-01-02 14:20:09.000,0,上海,1,买入,300,16.93,16.94,16.92,60000
PASSIVE_MKT_1273,2024-01-02 14:20:09.000,0,上海,1,买入,300,16.94,16.94,16.92,60000
PASSIVE_1274,2024-01-02 14:21:09.000,0,上海,1,买入,300,16.94,16.94,16.92,60300
PASSIVE_MKT_1275,2024-01-02 14:21:09.000,0,上海,1,买入,300,16.95,16.94,16.92,60600
PASSIVE_1276,2024-01-02 14:22:09.000,0,上海,1,买入,300,16.94,16.95,16.92,60900
PASSIVE_1277,2024-01-02 14:23:09.000,0,上海,1,买入,300,16.94,16.94,16.92,60900
PASSIVE_MKT_1278,2024-01-02 14:23:09.000,0,上海,1,买入,300,16.95,16.94,16.92,61200
PASSIVE_1279,2024-01-02 14:24:09.000,0,上海,1,买入,300,16.94,16.94,16.92,61500
PASSIVE_1280,2024-01-02 14:25:09.000,0,上海,1,买入,300,16.93,16.93,16.92,61800
PASSIVE_1281,2024-01-02 14:26:09.000,0,上海,1,买入,300,16.93,16.94,16.92,62100
PASSIVE_1282,2024-01-02 14:27:09.000,0,上海,1,买入,300,16.93,16.94,16.92,62100
PASSIVE_MKT_1283,2024-01-02 14:27:09.000,0,上海,1,买入,300,16.94,16.94,16.92,62100
PASSIVE_1284,2024-01-02 14:28:09.000,0,上海,1,买入,300,16.92,16.93,16.92,62400
PASSIVE_MKT_1285,2024-01-02 14:28:09.000,0,上海,1,买入,300,16.93,16.93,16.92,62400
PASSIVE_1286,2024-01-02 14:29:09.000,0,上海,1,买入,300,16.92,16.93,16.92,62700
PASSIVE_MKT_1287,2024-01-02 14:29:09.000,0,上海,1,买入,300,16.93,16.93,16.92,62700
PASSIVE_1288,2024-01-02 14:30:09.000,0,上海,1,买入,300,16.93,16.93,16.92,63300
PASSIVE_1289,2024-01-02 14:31:09.000,0,上海,1,买入,300,16.93,16.94,16.92,63600
PASSIVE_1290,2024-01-02 14:32:09.000,0,上海,1,买入,300,16.94,16.95,16.92,63600
PASSIVE_MKT_1291,2024-01-02 14:32:09.000,0,上海,1,买入,300,16.95,16.95,16.92,63600
PASSIVE_1292,2024-01-02 14:33:09.000,0,上海,1,买入,300,16.95,16.95,16.92,63900
PASSIVE_MKT_1293,2024-01-02 14:33:09.000,0,上海,1,买入,300,16.96,16.95,16.92,64200
PASSIVE_1294,2024-01-02 14:34:09.000,0,上海,1,买入,300,16.93,16.93,16.92,64500
PASSIVE_1295,2024-01-02 14:35:09.000,0,上海,1,买入,300,16.93,16.94,16.92,64800
PASSIVE_1296,2024-01-02 14:36:09.000,0,上海,1,买入,300,16.94,16.94,16.92,64800
PASSIVE_MKT_1297,2024-01-02 14:36:09.000,0,上海,1,买入,300,16.95,16.94,16.92,65100
PASSIVE_1298,2024-01-02 14:37:09.000,0,上海,1,买入,300,16.93,16.94,16.92,65400
PASSIVE_1299,2024-01-02 14:38:09.000,0,上海,1,买入,300,16.92,16.93,16.92,65400
PASSIVE_MKT_1300,2024-01-02 14:38:09.000,0,上海,1,买入,300,16.93,16.93,16.92,65400
PASSIVE_1301,2024-01-02 14:39:09.000,0,上海,1,买入,300,16.95,16.93,16.92,65700
PASSIVE_MKT_1302,2024-01-02 14:39:09.000,0,上海,1,买入,300,16.96,16.93,16.92,66000
PASSIVE_1303,2024-01-02 14:40:09.000,0,上海,1,买入,300,16.93,16.94,16.92,66300
PASSIVE_1304,2024-01-02 14:41:09.000,0,上海,1,买入,300,16.93,16.93,16.92,66300
PASSIVE_MKT_1305,2024-01-02 14:41:09.000,0,上海,1,买入,300,16.94,16.93,16.92,66600
PASSIVE_1306,2024-01-02 14:42:09.000,0,上海,1,买入,300,16.91,16.92,16.91,66900
PASSIVE_1307,2024-01-02 14:43:09.000,0,上海,1,买入,300,16.91,16.92,16.91,67200
PASSIVE_1308,2024-01-02 14:44:09.000,0,上海,1,买入,300,16.9,16.9,16.89,67200
PASSIVE_MKT_1309,2024-01-02 14:44:09.000,0,上海,1,买入,300,16.91,16.9,16.89,67500
PASSIVE_1310,2024-01-02 14:45:09.000,0,上海,1,买入,300,16.9,16.91,16.9,67800
PASSIVE_1311,2024-01-02 14:46:09.000,0,上海,1,买入,300,16.91,16.92,16.91,68100
PASSIVE_1312,2024-01-02 14:47:09.000,0,上海,1,买入,300,16.91,16.92,16.91,68400
PASSIVE_1313,2024-01-02 14:48:09.000,0,上海,1,买入,300,16.89,16.9,16.89,68700
PASSIVE_1314,2024-01-02 14:49:09.000,0,上海,1,买入,300,16.9,16.92,16.9,69000
PASSIVE_1315,2024-01-02 14:50:09.000,0,上海,1,买入,300,16.91,16.92,16.91,69000
PASSIVE_MKT_1316,2024-01-02 14:50:09.000,0,上海,1,买入,300,16.92,16.92,16.91,69000
PASSIVE_1317,2024-01-02 14:51:09.000,0,上海,1,买入,300,16.91,16.92,16.91,69600
PASSIVE_1318,2024-01-02 14:52:09.000,0,上海,1,买入,300,16.9,16.91,16.9,69900
PASSIVE_1319,2024-01-02 14:53:09.000,0,上海,1,买入,300,16.9,16.91,16.9,69900
PASSIVE_MKT_1320,2024-01-02 14:53:09.000,0,上海,1,买入,300,16.91,16.91,16.9,69900
PASSIVE_1321,2024-01-02 14:54:09.000,0,上海,1,买入,300,16.91,16.92,16.91,70200
PASSIVE_MKT_1322,2024-01-02 14:54:09.000,0,上海,1,买入,300,16.92,16.92,16.91,70200
PASSIVE_1323,2024-01-02 14:55:09.000,0,上海,1,买入,300,16.9,16.91,16.9,70800
PASSIVE_1324,2024-01-02 14:56:27.000,0,上海,1,买入,300,16.9,16.91,16.9,71100
