stock_code,trade_date,order_time,direction,volume,passive_price,passive_filled,market_price,final_price,final_amount,execution_type,latency_ms,trade_time
601607.SH,2024-01-02,2024-01-02 09:30:09,买入,300,16.74,True,,16.74,5021.999999999999,PASSIVE,2060.0,2024-01-02 09:30:11.060
601607.SH,2024-01-02,2024-01-02 09:31:09,买入,300,16.65,True,,16.65,4995.0,PASSIVE,2330.0,2024-01-02 09:31:11.330
601607.SH,2024-01-02,2024-01-02 09:32:09,买入,300,16.65,True,,16.65,4995.0,PASSIVE,13790.0,2024-01-02 09:32:22.790
601607.SH,2024-01-02,2024-01-02 09:33:09,买入,300,16.65,True,,16.65,4995.0,PASSIVE,13570.0,2024-01-02 09:33:22.570
601607.SH,2024-01-02,2024-01-02 09:34:09,买入,300,16.66,True,,16.66,4998.0,PASSIVE,11710.0,2024-01-02 09:34:20.710
601607.SH,2024-01-02,2024-01-02 09:35:09,买入,300,16.64,True,,16.64,4992.0,PASSIVE,6320.0,2024-01-02 09:35:15.320
601607.SH,2024-01-02,2024-01-02 09:36:09,买入,300,16.68,True,,16.68,5004.0,PASSIVE,6540.0,2024-01-02 09:36:15.540
601607.SH,2024-01-02,2024-01-02 09:37:09,买入,300,16.72,True,,16.72,5016.0,PASSIVE,4110.0,2024-01-02 09:37:13.110
601607.SH,2024-01-02,2024-01-02 09:38:09,买入,300,16.73,False,16.78,16.78,5034.0,MARKET,0.0,2024-01-02 09:39:09.000
601607.SH,2024-01-02,2024-01-02 09:39:09,买入,300,16.77,True,,16.77,5031.0,PASSIVE,7130.0,2024-01-02 09:39:16.130
601607.SH,2024-01-02,2024-01-02 09:40:09,买入,300,16.76,True,,16.76,5028.000000000001,PASSIVE,3230.0,2024-01-02 09:40:12.230
601607.SH,2024-01-02,2024-01-02 09:41:09,买入,300,16.78,True,,16.78,5034.0,PASSIVE,52160.0,2024-01-02 09:42:01.160
601607.SH,2024-01-02,2024-01-02 09:42:09,买入,300,16.77,False,16.79,16.79,5037.0,MARKET,0.0,2024-01-02 09:43:09.000
601607.SH,2024-01-02,2024-01-02 09:43:09,买入,300,16.78,False,16.81,16.81,5043.0,MARKET,0.0,2024-01-02 09:44:09.000
601607.SH,2024-01-02,2024-01-02 09:44:09,买入,300,16.8,False,16.83,16.83,5048.999999999999,MARKET,0.0,2024-01-02 09:45:09.000
601607.SH,2024-01-02,2024-01-02 09:45:09,买入,300,16.82,True,,16.82,5046.0,PASSIVE,9750.0,2024-01-02 09:45:18.750
601607.SH,2024-01-02,2024-01-02 09:46:09,买入,300,16.82,True,,16.82,5046.0,PASSIVE,16219.999999999998,2024-01-02 09:46:25.220
601607.SH,2024-01-02,2024-01-02 09:47:09,买入,300,16.82,True,,16.82,5046.0,PASSIVE,11690.0,2024-01-02 09:47:20.690
601607.SH,2024-01-02,2024-01-02 09:48:09,买入,300,16.82,True,,16.82,5046.0,PASSIVE,16440.0,2024-01-02 09:48:25.440
601607.SH,2024-01-02,2024-01-02 09:49:09,买入,300,16.79,True,,16.79,5037.0,PASSIVE,840.0,2024-01-02 09:49:09.840
601607.SH,2024-01-02,2024-01-02 09:50:09,买入,300,16.79,True,,16.79,5037.0,PASSIVE,2180.0,2024-01-02 09:50:11.180
601607.SH,2024-01-02,2024-01-02 09:51:09,买入,300,16.79,False,16.82,16.82,5046.0,MARKET,0.0,2024-01-02 09:52:09.000
601607.SH,2024-01-02,2024-01-02 09:52:09,买入,300,16.81,True,,16.81,5043.0,PASSIVE,52180.0,2024-01-02 09:53:01.180
601607.SH,2024-01-02,2024-01-02 09:53:09,买入,300,16.81,True,,16.81,5043.0,PASSIVE,1930.0,2024-01-02 09:53:10.930
601607.SH,2024-01-02,2024-01-02 09:54:12,买入,300,16.82,False,16.85,16.85,5055.0,MARKET,0.0,2024-01-02 09:55:12.000
601607.SH,2024-01-02,2024-01-02 09:55:09,买入,300,16.84,True,,16.84,5052.0,PASSIVE,28940.0,2024-01-02 09:55:37.940
601607.SH,2024-01-02,2024-01-02 09:56:09,买入,300,16.84,True,,16.84,5052.0,PASSIVE,22160.0,2024-01-02 09:56:31.160
601607.SH,2024-01-02,2024-01-02 09:57:09,买入,300,16.83,True,,16.83,5048.999999999999,PASSIVE,43840.0,2024-01-02 09:57:52.840
601607.SH,2024-01-02,2024-01-02 09:58:09,买入,300,16.83,True,,16.83,5048.999999999999,PASSIVE,57540.0,2024-01-02 09:59:06.540
601607.SH,2024-01-02,2024-01-02 09:59:09,买入,300,16.83,True,,16.83,5048.999999999999,PASSIVE,2630.0,2024-01-02 09:59:11.630
601607.SH,2024-01-02,2024-01-02 10:00:09,买入,300,16.81,True,,16.81,5043.0,PASSIVE,21370.0,2024-01-02 10:00:30.370
601607.SH,2024-01-02,2024-01-02 10:01:09,买入,300,16.81,False,16.83,16.83,5048.999999999999,MARKET,0.0,2024-01-02 10:02:09.000
601607.SH,2024-01-02,2024-01-02 10:02:09,买入,300,16.82,False,16.84,16.84,5052.0,MARKET,0.0,2024-01-02 10:03:09.000
601607.SH,2024-01-02,2024-01-02 10:03:09,买入,300,16.83,False,16.84,16.84,5052.0,MARKET,0.0,2024-01-02 10:04:12.000
601607.SH,2024-01-02,2024-01-02 10:04:12,买入,300,16.83,False,16.85,16.85,5055.0,MARKET,0.0,2024-01-02 10:05:12.000
601607.SH,2024-01-02,2024-01-02 10:05:09,买入,300,16.84,False,16.86,16.86,5058.0,MARKET,0.0,2024-01-02 10:06:09.000
601607.SH,2024-01-02,2024-01-02 10:06:09,买入,300,16.85,False,16.87,16.87,5061.0,MARKET,0.0,2024-01-02 10:07:09.000
601607.SH,2024-01-02,2024-01-02 10:07:09,买入,300,16.86,False,16.87,16.87,5061.0,MARKET,0.0,2024-01-02 10:08:09.000
601607.SH,2024-01-02,2024-01-02 10:08:09,买入,300,16.86,True,,16.86,5058.0,PASSIVE,25560.0,2024-01-02 10:08:34.560
601607.SH,2024-01-02,2024-01-02 10:09:09,买入,300,16.86,False,16.9,16.9,5070.0,MARKET,0.0,2024-01-02 10:10:09.000
601607.SH,2024-01-02,2024-01-02 10:10:09,买入,300,16.89,True,,16.89,5067.0,PASSIVE,57660.0,2024-01-02 10:11:06.660
601607.SH,2024-01-02,2024-01-02 10:11:09,买入,300,16.89,True,,16.89,5067.0,PASSIVE,34680.0,2024-01-02 10:11:43.680
601607.SH,2024-01-02,2024-01-02 10:12:09,买入,300,16.89,True,,16.89,5067.0,PASSIVE,48140.0,2024-01-02 10:12:57.140
601607.SH,2024-01-02,2024-01-02 10:13:09,买入,300,16.89,False,16.9,16.9,5070.0,MARKET,0.0,2024-01-02 10:14:09.000
601607.SH,2024-01-02,2024-01-02 10:14:09,买入,300,16.89,False,16.95,16.95,5085.0,MARKET,0.0,2024-01-02 10:15:09.000
601607.SH,2024-01-02,2024-01-02 10:15:09,买入,300,16.94,True,,16.94,5082.0,PASSIVE,680.0,2024-01-02 10:15:09.680
601607.SH,2024-01-02,2024-01-02 10:16:09,买入,300,16.95,False,16.96,16.96,5088.0,MARKET,460.0,2024-01-02 10:17:09.460
601607.SH,2024-01-02,2024-01-02 10:17:09,买入,300,16.95,False,16.96,16.95,5085.0,MARKET,0.0,2024-01-02 10:18:09.000
601607.SH,2024-01-02,2024-01-02 10:18:09,买入,300,16.95,True,,16.95,5085.0,PASSIVE,0.0,2024-01-02 10:18:09.000
601607.SH,2024-01-02,2024-01-02 10:19:09,买入,300,16.95,True,,16.95,5085.0,PASSIVE,0.0,2024-01-02 10:19:09.000
601607.SH,2024-01-02,2024-01-02 10:20:09,买入,300,16.95,False,16.96,16.95,5085.0,MARKET,0.0,2024-01-02 10:21:09.000
601607.SH,2024-01-02,2024-01-02 10:21:09,买入,300,16.95,True,,16.95,5085.0,PASSIVE,0.0,2024-01-02 10:21:09.000
601607.SH,2024-01-02,2024-01-02 10:22:09,买入,300,16.95,True,,16.95,5085.0,PASSIVE,0.0,2024-01-02 10:22:09.000
601607.SH,2024-01-02,2024-01-02 10:23:09,买入,300,16.95,True,,16.95,5085.0,PASSIVE,0.0,2024-01-02 10:23:09.000
601607.SH,2024-01-02,2024-01-02 10:24:09,买入,300,16.95,False,16.95,16.95,5085.0,MARKET,0.0,2024-01-02 10:25:09.000
601607.SH,2024-01-02,2024-01-02 10:25:09,买入,300,16.94,True,,16.94,5082.0,PASSIVE,28000.0,2024-01-02 10:25:37.000
601607.SH,2024-01-02,2024-01-02 10:26:09,买入,300,16.94,True,,16.94,5082.0,PASSIVE,38100.0,2024-01-02 10:26:47.100
601607.SH,2024-01-02,2024-01-02 10:27:09,买入,300,16.96,True,,16.96,5088.0,PASSIVE,0.0,2024-01-02 10:27:09.000
601607.SH,2024-01-02,2024-01-02 10:28:09,买入,300,16.96,True,,16.96,5088.0,PASSIVE,0.0,2024-01-02 10:28:09.000
601607.SH,2024-01-02,2024-01-02 10:29:09,买入,300,16.96,True,,16.96,5088.0,PASSIVE,1940.0,2024-01-02 10:29:10.940
601607.SH,2024-01-02,2024-01-02 10:30:09,买入,300,16.96,False,16.98,16.98,5094.0,MARKET,0.0,2024-01-02 10:31:09.000
601607.SH,2024-01-02,2024-01-02 10:31:09,买入,300,16.97,False,17.0,17.0,5100.0,MARKET,0.0,2024-01-02 10:32:09.000
601607.SH,2024-01-02,2024-01-02 10:32:09,买入,300,16.99,False,17.02,17.02,5106.0,MARKET,0.0,2024-01-02 10:33:09.000
601607.SH,2024-01-02,2024-01-02 10:33:09,买入,300,17.01,True,,17.01,5103.000000000001,PASSIVE,3660.0,2024-01-02 10:33:12.660
601607.SH,2024-01-02,2024-01-02 10:34:09,买入,300,17.0,True,,17.0,5100.0,PASSIVE,36530.0,2024-01-02 10:34:45.530
601607.SH,2024-01-02,2024-01-02 10:35:09,买入,300,17.01,True,,17.01,5103.000000000001,PASSIVE,0.0,2024-01-02 10:35:09.000
601607.SH,2024-01-02,2024-01-02 10:36:09,买入,300,17.03,False,17.05,17.05,5115.0,MARKET,0.0,2024-01-02 10:37:09.000
601607.SH,2024-01-02,2024-01-02 10:37:09,买入,300,17.04,False,17.09,17.09,5127.0,MARKET,200.0,2024-01-02 10:38:09.200
601607.SH,2024-01-02,2024-01-02 10:38:09,买入,300,17.07,False,17.09,17.09,5127.0,MARKET,0.0,2024-01-02 10:39:09.000
601607.SH,2024-01-02,2024-01-02 10:39:09,买入,300,17.08,False,17.1,17.1,5130.0,MARKET,0.0,2024-01-02 10:40:09.000
601607.SH,2024-01-02,2024-01-02 10:40:09,买入,300,17.09,True,,17.09,5127.0,PASSIVE,3750.0,2024-01-02 10:40:12.750
601607.SH,2024-01-02,2024-01-02 10:41:09,买入,300,17.08,True,,17.08,5123.999999999999,PASSIVE,6440.0,2024-01-02 10:41:15.440
601607.SH,2024-01-02,2024-01-02 10:42:09,买入,300,17.05,True,,17.05,5115.0,PASSIVE,7360.0,2024-01-02 10:42:16.360
601607.SH,2024-01-02,2024-01-02 10:43:09,买入,300,17.04,False,17.05,17.05,5115.0,MARKET,0.0,2024-01-02 10:44:09.000
601607.SH,2024-01-02,2024-01-02 10:44:09,买入,300,17.04,True,,17.04,5112.0,PASSIVE,45850.0,2024-01-02 10:44:54.850
601607.SH,2024-01-02,2024-01-02 10:45:09,买入,300,17.04,True,,17.04,5112.0,PASSIVE,8189.999999999999,2024-01-02 10:45:17.190
601607.SH,2024-01-02,2024-01-02 10:46:09,买入,300,17.04,True,,17.04,5112.0,PASSIVE,35030.0,2024-01-02 10:46:44.030
601607.SH,2024-01-02,2024-01-02 10:47:09,买入,300,17.04,True,,17.04,5112.0,PASSIVE,4200.0,2024-01-02 10:47:13.200
601607.SH,2024-01-02,2024-01-02 10:48:09,买入,300,17.02,True,,17.02,5106.0,PASSIVE,49700.0,2024-01-02 10:48:58.700
601607.SH,2024-01-02,2024-01-02 10:49:09,买入,300,17.01,True,,17.01,5103.000000000001,PASSIVE,12440.0,2024-01-02 10:49:21.440
601607.SH,2024-01-02,2024-01-02 10:50:09,买入,300,17.01,True,,17.01,5103.000000000001,PASSIVE,20790.0,2024-01-02 10:50:29.790
601607.SH,2024-01-02,2024-01-02 10:51:09,买入,300,17.01,True,,17.01,5103.000000000001,PASSIVE,11230.0,2024-01-02 10:51:20.230
601607.SH,2024-01-02,2024-01-02 10:52:09,买入,300,17.0,False,17.01,17.01,5103.000000000001,MARKET,0.0,2024-01-02 10:53:09.000
601607.SH,2024-01-02,2024-01-02 10:53:09,买入,300,17.0,True,,17.0,5100.0,PASSIVE,58990.0,2024-01-02 10:54:07.990
601607.SH,2024-01-02,2024-01-02 10:54:09,买入,300,17.0,True,,17.0,5100.0,PASSIVE,7700.0,2024-01-02 10:54:16.700
601607.SH,2024-01-02,2024-01-02 10:55:09,买入,300,16.98,True,,16.98,5094.0,PASSIVE,24790.0,2024-01-02 10:55:33.790
601607.SH,2024-01-02,2024-01-02 10:56:09,买入,300,16.96,True,,16.96,5088.0,PASSIVE,7540.0,2024-01-02 10:56:16.540
601607.SH,2024-01-02,2024-01-02 10:57:09,买入,300,16.95,True,,16.95,5085.0,PASSIVE,0.0,2024-01-02 10:57:09.000
601607.SH,2024-01-02,2024-01-02 10:58:09,买入,300,16.93,False,16.95,16.95,5085.0,MARKET,0.0,2024-01-02 10:59:09.000
601607.SH,2024-01-02,2024-01-02 10:59:09,买入,300,16.94,True,,16.94,5082.0,PASSIVE,22130.0,2024-01-02 10:59:31.130
601607.SH,2024-01-02,2024-01-02 11:00:09,买入,300,16.93,True,,16.93,5079.0,PASSIVE,5070.0,2024-01-02 11:00:14.070
601607.SH,2024-01-02,2024-01-02 11:01:09,买入,300,16.92,False,16.94,16.94,5082.0,MARKET,0.0,2024-01-02 11:02:09.000
601607.SH,2024-01-02,2024-01-02 11:02:09,买入,300,16.93,False,16.95,16.94,5082.0,MARKET,0.0,2024-01-02 11:03:09.000
601607.SH,2024-01-02,2024-01-02 11:03:09,买入,300,16.94,True,,16.94,5082.0,PASSIVE,0.0,2024-01-02 11:03:09.000
601607.SH,2024-01-02,2024-01-02 11:04:09,买入,300,16.93,False,16.95,16.95,5085.0,MARKET,0.0,2024-01-02 11:05:09.000
601607.SH,2024-01-02,2024-01-02 11:05:09,买入,300,16.94,True,,16.94,5082.0,PASSIVE,42730.0,2024-01-02 11:05:51.730
601607.SH,2024-01-02,2024-01-02 11:06:09,买入,300,16.94,True,,16.94,5082.0,PASSIVE,760.0,2024-01-02 11:06:09.760
601607.SH,2024-01-02,2024-01-02 11:07:09,买入,300,16.93,False,16.94,16.94,5082.0,MARKET,0.0,2024-01-02 11:08:09.000
601607.SH,2024-01-02,2024-01-02 11:08:09,买入,300,16.93,False,16.94,16.94,5082.0,MARKET,0.0,2024-01-02 11:09:09.000
601607.SH,2024-01-02,2024-01-02 11:09:09,买入,300,16.93,False,16.94,16.94,5082.0,MARKET,0.0,2024-01-02 11:10:09.000
601607.SH,2024-01-02,2024-01-02 11:10:09,买入,300,16.93,True,,16.93,5079.0,PASSIVE,19120.0,2024-01-02 11:10:28.120
601607.SH,2024-01-02,2024-01-02 11:11:09,买入,300,16.92,True,,16.92,5076.000000000001,PASSIVE,14510.0,2024-01-02 11:11:23.510
601607.SH,2024-01-02,2024-01-02 11:12:09,买入,300,16.92,True,,16.92,5076.000000000001,PASSIVE,6660.0,2024-01-02 11:12:15.660
601607.SH,2024-01-02,2024-01-02 11:13:09,买入,300,16.93,True,,16.93,5079.0,PASSIVE,2090.0,2024-01-02 11:13:11.090
601607.SH,2024-01-02,2024-01-02 11:14:09,买入,300,16.92,False,16.94,16.94,5082.0,MARKET,0.0,2024-01-02 11:15:09.000
601607.SH,2024-01-02,2024-01-02 11:15:09,买入,300,16.93,True,,16.93,5079.0,PASSIVE,12110.0,2024-01-02 11:15:21.110
601607.SH,2024-01-02,2024-01-02 11:16:09,买入,300,16.93,False,16.96,16.95,5085.0,MARKET,0.0,2024-01-02 11:17:09.000
601607.SH,2024-01-02,2024-01-02 11:17:09,买入,300,16.95,True,,16.95,5085.0,PASSIVE,0.0,2024-01-02 11:17:09.000
601607.SH,2024-01-02,2024-01-02 11:18:09,买入,300,16.95,False,16.96,16.95,5085.0,MARKET,0.0,2024-01-02 11:19:09.000
601607.SH,2024-01-02,2024-01-02 11:19:09,买入,300,16.95,True,,16.95,5085.0,PASSIVE,0.0,2024-01-02 11:19:09.000
601607.SH,2024-01-02,2024-01-02 11:20:09,买入,300,16.94,False,16.95,16.95,5085.0,MARKET,0.0,2024-01-02 11:21:09.000
601607.SH,2024-01-02,2024-01-02 11:21:09,买入,300,16.94,True,,16.94,5082.0,PASSIVE,7500.0,2024-01-02 11:21:16.500
601607.SH,2024-01-02,2024-01-02 11:22:09,买入,300,16.92,False,16.94,16.94,5082.0,MARKET,0.0,2024-01-02 11:23:09.000
601607.SH,2024-01-02,2024-01-02 11:23:09,买入,300,16.93,False,16.95,16.95,5085.0,MARKET,0.0,2024-01-02 11:24:09.000
601607.SH,2024-01-02,2024-01-02 11:24:09,买入,300,16.94,True,,16.94,5082.0,PASSIVE,35620.0,2024-01-02 11:24:44.620
601607.SH,2024-01-02,2024-01-02 11:25:09,买入,300,16.94,True,,16.94,5082.0,PASSIVE,5270.0,2024-01-02 11:25:14.270
601607.SH,2024-01-02,2024-01-02 11:26:18,买入,300,16.93,True,,16.93,5079.0,PASSIVE,0.0,2024-01-02 11:26:18.000
601607.SH,2024-01-02,2024-01-02 11:27:09,买入,300,16.93,True,,16.93,5079.0,PASSIVE,0.0,2024-01-02 11:27:09.000
601607.SH,2024-01-02,2024-01-02 11:28:09,买入,300,16.94,True,,16.94,5082.0,PASSIVE,56490.0,2024-01-02 11:29:05.490
601607.SH,2024-01-02,2024-01-02 11:29:09,买入,300,16.94,True,,16.94,5082.0,PASSIVE,0.0,2024-01-02 11:29:09.000
601607.SH,2024-01-02,2024-01-02 11:30:00,买入,300,16.95,False,16.96,16.96,5088.0,MARKET,0.0,2024-01-02 13:00:00.000
601607.SH,2024-01-02,2024-01-02 13:00:09,买入,300,16.94,False,16.96,16.95,5085.0,MARKET,0.0,2024-01-02 13:01:09.000
601607.SH,2024-01-02,2024-01-02 13:01:09,买入,300,16.95,True,,16.95,5085.0,PASSIVE,0.0,2024-01-02 13:01:09.000
601607.SH,2024-01-02,2024-01-02 13:02:09,买入,300,16.95,True,,16.95,5085.0,PASSIVE,0.0,2024-01-02 13:02:09.000
601607.SH,2024-01-02,2024-01-02 13:03:09,买入,300,16.95,True,,16.95,5085.0,PASSIVE,0.0,2024-01-02 13:03:09.000
601607.SH,2024-01-02,2024-01-02 13:04:09,买入,300,16.95,False,16.98,16.98,5094.0,MARKET,180.0,2024-01-02 13:05:09.180
601607.SH,2024-01-02,2024-01-02 13:05:09,买入,300,16.97,False,16.99,16.99,5096.999999999999,MARKET,0.0,2024-01-02 13:06:09.000
601607.SH,2024-01-02,2024-01-02 13:06:09,买入,300,16.98,False,16.99,16.99,5096.999999999999,MARKET,0.0,2024-01-02 13:07:09.000
601607.SH,2024-01-02,2024-01-02 13:07:09,买入,300,16.98,False,17.01,17.0,5100.0,MARKET,0.0,2024-01-02 13:08:09.000
601607.SH,2024-01-02,2024-01-02 13:08:09,买入,300,17.0,True,,17.0,5100.0,PASSIVE,0.0,2024-01-02 13:08:09.000
601607.SH,2024-01-02,2024-01-02 13:09:09,买入,300,17.0,False,17.02,17.02,5106.0,MARKET,0.0,2024-01-02 13:10:09.000
601607.SH,2024-01-02,2024-01-02 13:10:09,买入,300,17.0,False,17.02,17.01,5103.000000000001,MARKET,0.0,2024-01-02 13:11:09.000
601607.SH,2024-01-02,2024-01-02 13:11:09,买入,300,17.0,False,17.04,17.04,5112.0,MARKET,0.0,2024-01-02 13:12:09.000
601607.SH,2024-01-02,2024-01-02 13:12:09,买入,300,17.03,False,17.04,17.04,5112.0,MARKET,0.0,2024-01-02 13:13:09.000
601607.SH,2024-01-02,2024-01-02 13:13:09,买入,300,17.03,False,17.04,17.04,5112.0,MARKET,0.0,2024-01-02 13:14:09.000
601607.SH,2024-01-02,2024-01-02 13:14:09,买入,300,17.03,True,,17.03,5109.0,PASSIVE,31940.0,2024-01-02 13:14:40.940
601607.SH,2024-01-02,2024-01-02 13:15:09,买入,300,17.02,True,,17.02,5106.0,PASSIVE,7760.0,2024-01-02 13:15:16.760
601607.SH,2024-01-02,2024-01-02 13:16:09,买入,300,17.01,True,,17.01,5103.000000000001,PASSIVE,0.0,2024-01-02 13:16:09.000
601607.SH,2024-01-02,2024-01-02 13:17:15,买入,300,17.01,True,,17.01,5103.000000000001,PASSIVE,0.0,2024-01-02 13:17:15.000
601607.SH,2024-01-02,2024-01-02 13:18:09,买入,300,17.01,True,,17.01,5103.000000000001,PASSIVE,0.0,2024-01-02 13:18:09.000
601607.SH,2024-01-02,2024-01-02 13:19:09,买入,300,17.01,False,17.02,17.01,5103.000000000001,MARKET,0.0,2024-01-02 13:20:09.000
601607.SH,2024-01-02,2024-01-02 13:20:09,买入,300,17.01,True,,17.01,5103.000000000001,PASSIVE,0.0,2024-01-02 13:20:09.000
601607.SH,2024-01-02,2024-01-02 13:21:09,买入,300,17.0,False,17.01,17.01,5103.000000000001,MARKET,0.0,2024-01-02 13:22:09.000
601607.SH,2024-01-02,2024-01-02 13:22:09,买入,300,17.0,False,17.01,17.01,5103.000000000001,MARKET,0.0,2024-01-02 13:23:12.000
601607.SH,2024-01-02,2024-01-02 13:23:12,买入,300,17.0,False,17.02,17.02,5106.0,MARKET,0.0,2024-01-02 13:24:12.000
601607.SH,2024-01-02,2024-01-02 13:24:09,买入,300,17.01,False,17.02,17.01,5103.000000000001,MARKET,0.0,2024-01-02 13:25:09.000
601607.SH,2024-01-02,2024-01-02 13:25:09,买入,300,17.01,True,,17.01,5103.000000000001,PASSIVE,0.0,2024-01-02 13:25:09.000
601607.SH,2024-01-02,2024-01-02 13:26:09,买入,300,17.03,False,17.04,17.04,5112.0,MARKET,0.0,2024-01-02 13:27:09.000
601607.SH,2024-01-02,2024-01-02 13:27:09,买入,300,17.03,False,17.04,17.04,5112.0,MARKET,0.0,2024-01-02 13:28:09.000
601607.SH,2024-01-02,2024-01-02 13:28:09,买入,300,17.03,True,,17.03,5109.0,PASSIVE,25790.0,2024-01-02 13:28:34.790
601607.SH,2024-01-02,2024-01-02 13:29:09,买入,300,17.03,True,,17.03,5109.0,PASSIVE,1100.0,2024-01-02 13:29:10.100
601607.SH,2024-01-02,2024-01-02 13:30:09,买入,300,17.03,True,,17.03,5109.0,PASSIVE,23120.0,2024-01-02 13:30:32.120
601607.SH,2024-01-02,2024-01-02 13:31:09,买入,300,17.03,False,17.04,17.04,5112.0,MARKET,0.0,2024-01-02 13:32:09.000
601607.SH,2024-01-02,2024-01-02 13:32:09,买入,300,17.03,True,,17.03,5109.0,PASSIVE,9930.0,2024-01-02 13:32:18.930
601607.SH,2024-01-02,2024-01-02 13:33:09,买入,300,17.02,True,,17.02,5106.0,PASSIVE,0.0,2024-01-02 13:33:09.000
601607.SH,2024-01-02,2024-01-02 13:34:09,买入,300,17.0,True,,17.0,5100.0,PASSIVE,12750.0,2024-01-02 13:34:21.750
601607.SH,2024-01-02,2024-01-02 13:35:09,买入,300,17.01,True,,17.01,5103.000000000001,PASSIVE,0.0,2024-01-02 13:35:09.000
601607.SH,2024-01-02,2024-01-02 13:36:09,买入,300,17.0,True,,17.0,5100.0,PASSIVE,22480.0,2024-01-02 13:36:31.480
601607.SH,2024-01-02,2024-01-02 13:37:09,买入,300,17.0,True,,17.0,5100.0,PASSIVE,30350.0,2024-01-02 13:37:39.350
601607.SH,2024-01-02,2024-01-02 13:38:09,买入,300,17.0,False,17.02,17.01,5103.000000000001,MARKET,0.0,2024-01-02 13:39:09.000
601607.SH,2024-01-02,2024-01-02 13:39:09,买入,300,17.01,True,,17.01,5103.000000000001,PASSIVE,0.0,2024-01-02 13:39:09.000
601607.SH,2024-01-02,2024-01-02 13:40:09,买入,300,17.01,True,,17.01,5103.000000000001,PASSIVE,0.0,2024-01-02 13:40:09.000
601607.SH,2024-01-02,2024-01-02 13:41:09,买入,300,17.01,True,,17.01,5103.000000000001,PASSIVE,0.0,2024-01-02 13:41:09.000
601607.SH,2024-01-02,2024-01-02 13:42:09,买入,300,17.01,False,17.01,17.01,5103.000000000001,MARKET,0.0,2024-01-02 13:43:09.000
601607.SH,2024-01-02,2024-01-02 13:43:09,买入,300,17.0,False,17.01,17.01,5103.000000000001,MARKET,0.0,2024-01-02 13:44:09.000
601607.SH,2024-01-02,2024-01-02 13:44:09,买入,300,17.0,False,17.01,17.01,5103.000000000001,MARKET,0.0,2024-01-02 13:45:09.000
601607.SH,2024-01-02,2024-01-02 13:45:09,买入,300,17.0,False,17.01,17.01,5103.000000000001,MARKET,0.0,2024-01-02 13:46:09.000
601607.SH,2024-01-02,2024-01-02 13:46:09,买入,300,17.0,True,,17.0,5100.0,PASSIVE,58500.0,2024-01-02 13:47:07.500
601607.SH,2024-01-02,2024-01-02 13:47:09,买入,300,17.0,True,,17.0,5100.0,PASSIVE,18170.0,2024-01-02 13:47:27.170
601607.SH,2024-01-02,2024-01-02 13:48:09,买入,300,16.99,True,,16.99,5096.999999999999,PASSIVE,33740.0,2024-01-02 13:48:42.740
601607.SH,2024-01-02,2024-01-02 13:49:09,买入,300,16.98,True,,16.98,5094.0,PASSIVE,59030.0,2024-01-02 13:50:08.030
601607.SH,2024-01-02,2024-01-02 13:50:09,买入,300,16.98,True,,16.98,5094.0,PASSIVE,47170.0,2024-01-02 13:50:56.170
601607.SH,2024-01-02,2024-01-02 13:51:09,买入,300,16.98,True,,16.98,5094.0,PASSIVE,22520.0,2024-01-02 13:51:31.520
601607.SH,2024-01-02,2024-01-02 13:52:09,买入,300,16.98,True,,16.98,5094.0,PASSIVE,3700.0,2024-01-02 13:52:12.700
601607.SH,2024-01-02,2024-01-02 13:53:09,买入,300,16.97,False,16.98,16.97,5091.0,MARKET,0.0,2024-01-02 13:54:09.000
601607.SH,2024-01-02,2024-01-02 13:54:09,买入,300,16.97,True,,16.97,5091.0,PASSIVE,0.0,2024-01-02 13:54:09.000
601607.SH,2024-01-02,2024-01-02 13:55:09,买入,300,16.97,True,,16.97,5091.0,PASSIVE,0.0,2024-01-02 13:55:09.000
601607.SH,2024-01-02,2024-01-02 13:56:09,买入,300,16.97,False,16.99,16.99,5096.999999999999,MARKET,0.0,2024-01-02 13:57:09.000
601607.SH,2024-01-02,2024-01-02 13:57:09,买入,300,16.98,False,17.0,17.0,5100.0,MARKET,0.0,2024-01-02 13:58:09.000
601607.SH,2024-01-02,2024-01-02 13:58:09,买入,300,16.99,False,17.0,17.0,5100.0,MARKET,0.0,2024-01-02 13:59:09.000
601607.SH,2024-01-02,2024-01-02 13:59:09,买入,300,16.99,True,,16.99,5096.999999999999,PASSIVE,25810.0,2024-01-02 13:59:34.810
601607.SH,2024-01-02,2024-01-02 14:00:09,买入,300,16.99,True,,16.99,5096.999999999999,PASSIVE,27150.0,2024-01-02 14:00:36.150
601607.SH,2024-01-02,2024-01-02 14:01:09,买入,300,16.98,True,,16.98,5094.0,PASSIVE,38170.0,2024-01-02 14:01:47.170
601607.SH,2024-01-02,2024-01-02 14:02:09,买入,300,16.98,True,,16.98,5094.0,PASSIVE,6810.000000000001,2024-01-02 14:02:15.810
601607.SH,2024-01-02,2024-01-02 14:03:09,买入,300,16.96,True,,16.96,5088.0,PASSIVE,2070.0,2024-01-02 14:03:11.070
601607.SH,2024-01-02,2024-01-02 14:04:09,买入,300,16.96,True,,16.96,5088.0,PASSIVE,14460.0,2024-01-02 14:04:23.460
601607.SH,2024-01-02,2024-01-02 14:05:09,买入,300,16.95,True,,16.95,5085.0,PASSIVE,0.0,2024-01-02 14:05:09.000
601607.SH,2024-01-02,2024-01-02 14:06:09,买入,300,16.95,False,16.96,16.95,5085.0,MARKET,0.0,2024-01-02 14:07:09.000
601607.SH,2024-01-02,2024-01-02 14:07:09,买入,300,16.95,True,,16.95,5085.0,PASSIVE,0.0,2024-01-02 14:07:09.000
601607.SH,2024-01-02,2024-01-02 14:08:09,买入,300,16.95,True,,16.94,5082.0,PASSIVE,0.0,2024-01-02 14:08:09.000
601607.SH,2024-01-02,2024-01-02 14:09:09,买入,300,16.95,True,,16.95,5085.0,PASSIVE,0.0,2024-01-02 14:09:09.000
601607.SH,2024-01-02,2024-01-02 14:10:09,买入,300,16.96,True,,16.96,5088.0,PASSIVE,0.0,2024-01-02 14:10:09.000
601607.SH,2024-01-02,2024-01-02 14:11:09,买入,300,16.96,True,,16.96,5088.0,PASSIVE,19000.0,2024-01-02 14:11:28.000
601607.SH,2024-01-02,2024-01-02 14:12:09,买入,300,16.96,True,,16.95,5085.0,PASSIVE,0.0,2024-01-02 14:12:09.000
601607.SH,2024-01-02,2024-01-02 14:13:09,买入,300,16.95,True,,16.95,5085.0,PASSIVE,0.0,2024-01-02 14:13:09.000
601607.SH,2024-01-02,2024-01-02 14:14:09,买入,300,16.94,True,,16.94,5082.0,PASSIVE,0.0,2024-01-02 14:14:09.000
601607.SH,2024-01-02,2024-01-02 14:15:09,买入,300,16.95,True,,16.95,5085.0,PASSIVE,0.0,2024-01-02 14:15:09.000
601607.SH,2024-01-02,2024-01-02 14:16:09,买入,300,16.94,True,,16.94,5082.0,PASSIVE,0.0,2024-01-02 14:16:09.000
601607.SH,2024-01-02,2024-01-02 14:17:09,买入,300,16.94,True,,16.94,5082.0,PASSIVE,0.0,2024-01-02 14:17:09.000
601607.SH,2024-01-02,2024-01-02 14:18:09,买入,300,16.94,True,,16.94,5082.0,PASSIVE,0.0,2024-01-02 14:18:09.000
601607.SH,2024-01-02,2024-01-02 14:19:09,买入,300,16.93,False,16.94,16.94,5082.0,MARKET,0.0,2024-01-02 14:20:09.000
601607.SH,2024-01-02,2024-01-02 14:20:09,买入,300,16.93,False,16.95,16.94,5082.0,MARKET,0.0,2024-01-02 14:21:09.000
601607.SH,2024-01-02,2024-01-02 14:21:09,买入,300,16.94,True,,16.94,5082.0,PASSIVE,0.0,2024-01-02 14:21:09.000
601607.SH,2024-01-02,2024-01-02 14:22:09,买入,300,16.94,False,16.95,16.94,5082.0,MARKET,0.0,2024-01-02 14:23:09.000
601607.SH,2024-01-02,2024-01-02 14:23:09,买入,300,16.94,True,,16.94,5082.0,PASSIVE,0.0,2024-01-02 14:23:09.000
601607.SH,2024-01-02,2024-01-02 14:24:09,买入,300,16.94,True,,16.94,5082.0,PASSIVE,0.0,2024-01-02 14:24:09.000
601607.SH,2024-01-02,2024-01-02 14:25:09,买入,300,16.93,True,,16.93,5079.0,PASSIVE,0.0,2024-01-02 14:25:09.000
601607.SH,2024-01-02,2024-01-02 14:26:09,买入,300,16.93,False,16.94,16.94,5082.0,MARKET,0.0,2024-01-02 14:27:09.000
601607.SH,2024-01-02,2024-01-02 14:27:09,买入,300,16.93,False,16.93,16.93,5079.0,MARKET,0.0,2024-01-02 14:28:09.000
601607.SH,2024-01-02,2024-01-02 14:28:09,买入,300,16.92,False,16.93,16.93,5079.0,MARKET,0.0,2024-01-02 14:29:09.000
601607.SH,2024-01-02,2024-01-02 14:29:09,买入,300,16.92,True,,16.92,5076.000000000001,PASSIVE,53230.0,2024-01-02 14:30:02.230
601607.SH,2024-01-02,2024-01-02 14:30:09,买入,300,16.93,True,,16.93,5079.0,PASSIVE,0.0,2024-01-02 14:30:09.000
601607.SH,2024-01-02,2024-01-02 14:31:09,买入,300,16.93,False,16.95,16.95,5085.0,MARKET,0.0,2024-01-02 14:32:09.000
601607.SH,2024-01-02,2024-01-02 14:32:09,买入,300,16.94,False,16.96,16.95,5085.0,MARKET,0.0,2024-01-02 14:33:09.000
601607.SH,2024-01-02,2024-01-02 14:33:09,买入,300,16.95,True,,16.95,5085.0,PASSIVE,0.0,2024-01-02 14:33:09.000
601607.SH,2024-01-02,2024-01-02 14:34:09,买入,300,16.93,True,,16.93,5079.0,PASSIVE,0.0,2024-01-02 14:34:09.000
601607.SH,2024-01-02,2024-01-02 14:35:09,买入,300,16.93,False,16.95,16.94,5082.0,MARKET,0.0,2024-01-02 14:36:09.000
601607.SH,2024-01-02,2024-01-02 14:36:09,买入,300,16.94,True,,16.94,5082.0,PASSIVE,0.0,2024-01-02 14:36:09.000
601607.SH,2024-01-02,2024-01-02 14:37:09,买入,300,16.93,False,16.93,16.93,5079.0,MARKET,0.0,2024-01-02 14:38:09.000
601607.SH,2024-01-02,2024-01-02 14:38:09,买入,300,16.92,False,16.96,16.93,5079.0,MARKET,0.0,2024-01-02 14:39:09.000
601607.SH,2024-01-02,2024-01-02 14:39:09,买入,300,16.95,True,,16.93,5079.0,PASSIVE,0.0,2024-01-02 14:39:09.000
601607.SH,2024-01-02,2024-01-02 14:40:09,买入,300,16.93,False,16.94,16.93,5079.0,MARKET,0.0,2024-01-02 14:41:09.000
601607.SH,2024-01-02,2024-01-02 14:41:09,买入,300,16.93,True,,16.93,5079.0,PASSIVE,0.0,2024-01-02 14:41:09.000
601607.SH,2024-01-02,2024-01-02 14:42:09,买入,300,16.91,True,,16.91,5073.0,PASSIVE,7150.0,2024-01-02 14:42:16.150
601607.SH,2024-01-02,2024-01-02 14:43:09,买入,300,16.91,False,16.91,16.9,5070.0,MARKET,0.0,2024-01-02 14:44:09.000
601607.SH,2024-01-02,2024-01-02 14:44:09,买入,300,16.9,True,,16.9,5070.0,PASSIVE,0.0,2024-01-02 14:44:09.000
601607.SH,2024-01-02,2024-01-02 14:45:09,买入,300,16.9,True,,16.9,5070.0,PASSIVE,21030.0,2024-01-02 14:45:30.030
601607.SH,2024-01-02,2024-01-02 14:46:09,买入,300,16.91,True,,16.91,5073.0,PASSIVE,17910.0,2024-01-02 14:46:26.910
601607.SH,2024-01-02,2024-01-02 14:47:09,买入,300,16.91,True,,16.91,5073.0,PASSIVE,44740.0,2024-01-02 14:47:53.740
601607.SH,2024-01-02,2024-01-02 14:48:09,买入,300,16.89,True,,16.89,5067.0,PASSIVE,7130.0,2024-01-02 14:48:16.130
601607.SH,2024-01-02,2024-01-02 14:49:09,买入,300,16.9,False,16.92,16.92,5076.000000000001,MARKET,0.0,2024-01-02 14:50:09.000
601607.SH,2024-01-02,2024-01-02 14:50:09,买入,300,16.91,True,,16.91,5073.0,PASSIVE,46720.0,2024-01-02 14:50:55.720
601607.SH,2024-01-02,2024-01-02 14:51:09,买入,300,16.91,True,,16.91,5073.0,PASSIVE,6100.0,2024-01-02 14:51:15.100
601607.SH,2024-01-02,2024-01-02 14:52:09,买入,300,16.9,False,16.91,16.91,5073.0,MARKET,0.0,2024-01-02 14:53:09.000
601607.SH,2024-01-02,2024-01-02 14:53:09,买入,300,16.9,False,16.92,16.92,5076.000000000001,MARKET,0.0,2024-01-02 14:54:09.000
601607.SH,2024-01-02,2024-01-02 14:54:09,买入,300,16.91,True,,16.91,5073.0,PASSIVE,7380.0,2024-01-02 14:54:16.380
601607.SH,2024-01-02,2024-01-02 14:55:09,买入,300,16.9,True,,16.9,5070.0,PASSIVE,6300.0,2024-01-02 14:55:15.300
601607.SH,2024-01-02,2024-01-02 14:56:27,买入,300,16.9,True,,16.9,5070.0,PASSIVE,9720.0,2024-01-02 14:56:36.720
