order_id,action,direction,volume,price,old_position,new_position,position_change
PASSIVE_1000,trade,B,300,16.74,0,300,300
PASSIVE_1001,trade,B,300,16.65,300,600,300
PASSIVE_1002,trade,B,300,16.65,600,900,300
PASSIVE_1003,trade,B,300,16.65,900,1200,300
PASSIVE_1004,trade,B,300,16.66,1200,1500,300
PASSIVE_1005,trade,B,300,16.64,1500,1800,300
PASSIVE_1006,trade,B,300,16.68,1800,2100,300
PASSIVE_1007,trade,B,300,16.72,2100,2400,300
PASSIVE_MKT_1010,trade,B,300,16.78,2400,2700,300
PASSIVE_1009,trade,B,300,16.77,2700,3000,300
PASSIVE_1011,trade,B,300,16.76,3000,3300,300
PASSIVE_1012,trade,B,300,16.78,3300,3600,300
PASSIVE_MKT_1015,trade,B,300,16.79,3600,3900,300
PASSIVE_MKT_1017,trade,B,300,16.81,3900,4200,300
PASSIVE_MKT_1019,trade,B,300,16.83,4200,4500,300
PASSIVE_1018,trade,B,300,16.82,4500,4800,300
PASSIVE_1020,trade,B,300,16.82,4800,5100,300
PASSIVE_1021,trade,B,300,16.82,5100,5400,300
PASSIVE_1022,trade,B,300,16.82,5400,5700,300
PASSIVE_1023,trade,B,300,16.79,5700,6000,300
PASSIVE_1024,trade,B,300,16.79,6000,6300,300
PASSIVE_MKT_1027,trade,B,300,16.82,6300,6600,300
PASSIVE_1026,trade,B,300,16.81,6600,6900,300
PASSIVE_1028,trade,B,300,16.81,6900,7200,300
PASSIVE_MKT_1031,trade,B,300,16.85,7200,7500,300
PASSIVE_1030,trade,B,300,16.84,7500,7800,300
PASSIVE_1032,trade,B,300,16.84,7800,8100,300
PASSIVE_1033,trade,B,300,16.83,8100,8400,300
PASSIVE_1034,trade,B,300,16.83,8400,8700,300
PASSIVE_1035,trade,B,300,16.83,8700,9000,300
PASSIVE_1036,trade,B,300,16.81,9000,9300,300
PASSIVE_MKT_1039,trade,B,300,16.83,9300,9600,300
PASSIVE_MKT_1041,trade,B,300,16.84,9600,9900,300
PASSIVE_MKT_1043,trade,B,300,16.84,9900,10200,300
PASSIVE_MKT_1045,trade,B,300,16.85,10200,10500,300
PASSIVE_MKT_1047,trade,B,300,16.86,10500,10800,300
PASSIVE_MKT_1049,trade,B,300,16.87,10800,11100,300
PASSIVE_MKT_1051,trade,B,300,16.87,11100,11400,300
PASSIVE_1050,trade,B,300,16.86,11400,11700,300
PASSIVE_MKT_1054,trade,B,300,16.9,11700,12000,300
PASSIVE_1053,trade,B,300,16.89,12000,12300,300
PASSIVE_1055,trade,B,300,16.89,12300,12600,300
PASSIVE_1056,trade,B,300,16.89,12600,12900,300
PASSIVE_MKT_1059,trade,B,300,16.9,12900,13200,300
PASSIVE_MKT_1061,trade,B,300,16.95,13200,13500,300
PASSIVE_1060,trade,B,300,16.94,13500,13800,300
PASSIVE_MKT_1064,trade,B,300,16.96,13800,14100,300
PASSIVE_1065,trade,B,300,16.95,14100,14400,300
PASSIVE_MKT_1066,trade,B,300,16.95,14400,14700,300
PASSIVE_1067,trade,B,300,16.95,14700,15000,300
PASSIVE_1069,trade,B,300,16.95,15000,15300,300
PASSIVE_MKT_1070,trade,B,300,16.95,15300,15600,300
PASSIVE_1071,trade,B,300,16.95,15600,15900,300
PASSIVE_1072,trade,B,300,16.95,15900,16200,300
PASSIVE_MKT_1075,trade,B,300,16.95,16200,16500,300
PASSIVE_1074,trade,B,300,16.94,16500,16800,300
PASSIVE_1076,trade,B,300,16.94,16800,17100,300
PASSIVE_1077,trade,B,300,16.96,17100,17400,300
PASSIVE_1078,trade,B,300,16.96,17400,17700,300
PASSIVE_1079,trade,B,300,16.96,17700,18000,300
PASSIVE_MKT_1082,trade,B,300,16.98,18000,18300,300
PASSIVE_MKT_1084,trade,B,300,17.0,18300,18600,300
PASSIVE_MKT_1086,trade,B,300,17.02,18600,18900,300
PASSIVE_1085,trade,B,300,17.01,18900,19200,300
PASSIVE_1087,trade,B,300,17.0,19200,19500,300
PASSIVE_1088,trade,B,300,17.01,19500,19800,300
PASSIVE_MKT_1091,trade,B,300,17.05,19800,20100,300
PASSIVE_MKT_1093,trade,B,300,17.09,20100,20400,300
PASSIVE_MKT_1095,trade,B,300,17.09,20400,20700,300
PASSIVE_MKT_1097,trade,B,300,17.1,20700,21000,300
PASSIVE_1096,trade,B,300,17.09,21000,21300,300
PASSIVE_1098,trade,B,300,17.08,21300,21600,300
PASSIVE_1099,trade,B,300,17.05,21600,21900,300
PASSIVE_MKT_1102,trade,B,300,17.05,21900,22200,300
PASSIVE_1101,trade,B,300,17.04,22200,22500,300
PASSIVE_1103,trade,B,300,17.04,22500,22800,300
PASSIVE_1104,trade,B,300,17.04,22800,23100,300
PASSIVE_1105,trade,B,300,17.04,23100,23400,300
PASSIVE_1106,trade,B,300,17.02,23400,23700,300
PASSIVE_1107,trade,B,300,17.01,23700,24000,300
PASSIVE_1108,trade,B,300,17.01,24000,24300,300
PASSIVE_1109,trade,B,300,17.01,24300,24600,300
PASSIVE_MKT_1112,trade,B,300,17.01,24600,24900,300
PASSIVE_1111,trade,B,300,17.0,24900,25200,300
PASSIVE_1113,trade,B,300,17.0,25200,25500,300
PASSIVE_1114,trade,B,300,16.98,25500,25800,300
PASSIVE_1115,trade,B,300,16.96,25800,26100,300
PASSIVE_1116,trade,B,300,16.95,26100,26400,300
PASSIVE_MKT_1119,trade,B,300,16.95,26400,26700,300
PASSIVE_1118,trade,B,300,16.94,26700,27000,300
PASSIVE_1120,trade,B,300,16.93,27000,27300,300
PASSIVE_MKT_1123,trade,B,300,16.94,27300,27600,300
PASSIVE_1124,trade,B,300,16.94,27600,27900,300
PASSIVE_MKT_1125,trade,B,300,16.94,27900,28200,300
PASSIVE_MKT_1128,trade,B,300,16.95,28200,28500,300
PASSIVE_1127,trade,B,300,16.94,28500,28800,300
PASSIVE_1129,trade,B,300,16.94,28800,29100,300
PASSIVE_MKT_1132,trade,B,300,16.94,29100,29400,300
PASSIVE_MKT_1134,trade,B,300,16.94,29400,29700,300
PASSIVE_MKT_1136,trade,B,300,16.94,29700,30000,300
PASSIVE_1135,trade,B,300,16.93,30000,30300,300
PASSIVE_1137,trade,B,300,16.92,30300,30600,300
PASSIVE_1138,trade,B,300,16.92,30600,30900,300
PASSIVE_1139,trade,B,300,16.93,30900,31200,300
PASSIVE_MKT_1142,trade,B,300,16.94,31200,31500,300
PASSIVE_1141,trade,B,300,16.93,31500,31800,300
PASSIVE_1144,trade,B,300,16.95,31800,32100,300
PASSIVE_MKT_1145,trade,B,300,16.95,32100,32400,300
PASSIVE_1147,trade,B,300,16.95,32400,32700,300
PASSIVE_MKT_1148,trade,B,300,16.95,32700,33000,300
PASSIVE_MKT_1151,trade,B,300,16.95,33000,33300,300
PASSIVE_1150,trade,B,300,16.94,33300,33600,300
PASSIVE_MKT_1154,trade,B,300,16.94,33600,33900,300
PASSIVE_MKT_1156,trade,B,300,16.95,33900,34200,300
PASSIVE_1155,trade,B,300,16.94,34200,34500,300
PASSIVE_1157,trade,B,300,16.94,34500,34800,300
PASSIVE_1158,trade,B,300,16.93,34800,35100,300
PASSIVE_1159,trade,B,300,16.93,35100,35400,300
PASSIVE_1160,trade,B,300,16.94,35400,35700,300
PASSIVE_1161,trade,B,300,16.94,35700,36000,300
PASSIVE_MKT_1163,trade,B,300,16.96,36000,36300,300
PASSIVE_1165,trade,B,300,16.95,36300,36600,300
PASSIVE_MKT_1166,trade,B,300,16.95,36600,36900,300
PASSIVE_1167,trade,B,300,16.95,36900,37200,300
PASSIVE_1168,trade,B,300,16.95,37200,37500,300
PASSIVE_MKT_1171,trade,B,300,16.98,37500,37800,300
PASSIVE_MKT_1173,trade,B,300,16.99,37800,38100,300
PASSIVE_MKT_1175,trade,B,300,16.99,38100,38400,300
PASSIVE_1176,trade,B,300,17.0,38400,38700,300
PASSIVE_MKT_1177,trade,B,300,17.0,38700,39000,300
PASSIVE_MKT_1180,trade,B,300,17.02,39000,39300,300
PASSIVE_MKT_1182,trade,B,300,17.01,39300,39600,300
PASSIVE_MKT_1184,trade,B,300,17.04,39600,39900,300
PASSIVE_MKT_1186,trade,B,300,17.04,39900,40200,300
PASSIVE_MKT_1188,trade,B,300,17.04,40200,40500,300
PASSIVE_1187,trade,B,300,17.03,40500,40800,300
PASSIVE_1189,trade,B,300,17.02,40800,41100,300
PASSIVE_1190,trade,B,300,17.01,41100,41400,300
PASSIVE_1191,trade,B,300,17.01,41400,41700,300
PASSIVE_1192,trade,B,300,17.01,41700,42000,300
PASSIVE_1194,trade,B,300,17.01,42000,42300,300
PASSIVE_MKT_1195,trade,B,300,17.01,42300,42600,300
PASSIVE_MKT_1198,trade,B,300,17.01,42600,42900,300
PASSIVE_MKT_1200,trade,B,300,17.01,42900,43200,300
PASSIVE_MKT_1202,trade,B,300,17.02,43200,43500,300
PASSIVE_1203,trade,B,300,17.01,43500,43800,300
PASSIVE_MKT_1204,trade,B,300,17.01,43800,44100,300
PASSIVE_MKT_1207,trade,B,300,17.04,44100,44400,300
PASSIVE_MKT_1209,trade,B,300,17.04,44400,44700,300
PASSIVE_1208,trade,B,300,17.03,44700,45000,300
PASSIVE_1210,trade,B,300,17.03,45000,45300,300
PASSIVE_1211,trade,B,300,17.03,45300,45600,300
PASSIVE_MKT_1214,trade,B,300,17.04,45600,45900,300
PASSIVE_1213,trade,B,300,17.03,45900,46200,300
PASSIVE_1215,trade,B,300,17.02,46200,46500,300
PASSIVE_1216,trade,B,300,17.0,46500,46800,300
PASSIVE_1217,trade,B,300,17.01,46800,47100,300
PASSIVE_1218,trade,B,300,17.0,47100,47400,300
PASSIVE_1219,trade,B,300,17.0,47400,47700,300
PASSIVE_1221,trade,B,300,17.01,47700,48000,300
PASSIVE_MKT_1222,trade,B,300,17.01,48000,48300,300
PASSIVE_1223,trade,B,300,17.01,48300,48600,300
PASSIVE_1224,trade,B,300,17.01,48600,48900,300
PASSIVE_MKT_1227,trade,B,300,17.01,48900,49200,300
PASSIVE_MKT_1229,trade,B,300,17.01,49200,49500,300
PASSIVE_MKT_1231,trade,B,300,17.01,49500,49800,300
PASSIVE_MKT_1233,trade,B,300,17.01,49800,50100,300
PASSIVE_1232,trade,B,300,17.0,50100,50400,300
PASSIVE_1234,trade,B,300,17.0,50400,50700,300
PASSIVE_1235,trade,B,300,16.99,50700,51000,300
PASSIVE_1236,trade,B,300,16.98,51000,51300,300
PASSIVE_1237,trade,B,300,16.98,51300,51600,300
PASSIVE_1238,trade,B,300,16.98,51600,51900,300
PASSIVE_1239,trade,B,300,16.98,51900,52200,300
PASSIVE_1241,trade,B,300,16.97,52200,52500,300
PASSIVE_MKT_1242,trade,B,300,16.97,52500,52800,300
PASSIVE_1243,trade,B,300,16.97,52800,53100,300
PASSIVE_MKT_1246,trade,B,300,16.99,53100,53400,300
PASSIVE_MKT_1248,trade,B,300,17.0,53400,53700,300
PASSIVE_MKT_1250,trade,B,300,17.0,53700,54000,300
PASSIVE_1249,trade,B,300,16.99,54000,54300,300
PASSIVE_1251,trade,B,300,16.99,54300,54600,300
PASSIVE_1252,trade,B,300,16.98,54600,54900,300
PASSIVE_1253,trade,B,300,16.98,54900,55200,300
PASSIVE_1254,trade,B,300,16.96,55200,55500,300
PASSIVE_1255,trade,B,300,16.96,55500,55800,300
PASSIVE_1256,trade,B,300,16.95,55800,56100,300
PASSIVE_1258,trade,B,300,16.95,56100,56400,300
PASSIVE_MKT_1259,trade,B,300,16.95,56400,56700,300
PASSIVE_1260,trade,B,300,16.94,56700,57000,300
PASSIVE_1261,trade,B,300,16.95,57000,57300,300
PASSIVE_1262,trade,B,300,16.96,57300,57600,300
PASSIVE_1263,trade,B,300,16.96,57600,57900,300
PASSIVE_1264,trade,B,300,16.95,57900,58200,300
PASSIVE_1265,trade,B,300,16.95,58200,58500,300
PASSIVE_1266,trade,B,300,16.94,58500,58800,300
PASSIVE_1267,trade,B,300,16.95,58800,59100,300
PASSIVE_1268,trade,B,300,16.94,59100,59400,300
PASSIVE_1269,trade,B,300,16.94,59400,59700,300
PASSIVE_1270,trade,B,300,16.94,59700,60000,300
PASSIVE_MKT_1273,trade,B,300,16.94,60000,60300,300
PASSIVE_1274,trade,B,300,16.94,60300,60600,300
PASSIVE_MKT_1275,trade,B,300,16.94,60600,60900,300
PASSIVE_1277,trade,B,300,16.94,60900,61200,300
PASSIVE_MKT_1278,trade,B,300,16.94,61200,61500,300
PASSIVE_1279,trade,B,300,16.94,61500,61800,300
PASSIVE_1280,trade,B,300,16.93,61800,62100,300
PASSIVE_MKT_1283,trade,B,300,16.94,62100,62400,300
PASSIVE_MKT_1285,trade,B,300,16.93,62400,62700,300
PASSIVE_MKT_1287,trade,B,300,16.93,62700,63000,300
PASSIVE_1286,trade,B,300,16.92,63000,63300,300
PASSIVE_1288,trade,B,300,16.93,63300,63600,300
PASSIVE_MKT_1291,trade,B,300,16.95,63600,63900,300
PASSIVE_1292,trade,B,300,16.95,63900,64200,300
PASSIVE_MKT_1293,trade,B,300,16.95,64200,64500,300
PASSIVE_1294,trade,B,300,16.93,64500,64800,300
PASSIVE_1296,trade,B,300,16.94,64800,65100,300
PASSIVE_MKT_1297,trade,B,300,16.94,65100,65400,300
PASSIVE_MKT_1300,trade,B,300,16.93,65400,65700,300
PASSIVE_1301,trade,B,300,16.93,65700,66000,300
PASSIVE_MKT_1302,trade,B,300,16.93,66000,66300,300
PASSIVE_1304,trade,B,300,16.93,66300,66600,300
PASSIVE_MKT_1305,trade,B,300,16.93,66600,66900,300
PASSIVE_1306,trade,B,300,16.91,66900,67200,300
PASSIVE_1308,trade,B,300,16.9,67200,67500,300
PASSIVE_MKT_1309,trade,B,300,16.9,67500,67800,300
PASSIVE_1310,trade,B,300,16.9,67800,68100,300
PASSIVE_1311,trade,B,300,16.91,68100,68400,300
PASSIVE_1312,trade,B,300,16.91,68400,68700,300
PASSIVE_1313,trade,B,300,16.89,68700,69000,300
PASSIVE_MKT_1316,trade,B,300,16.92,69000,69300,300
PASSIVE_1315,trade,B,300,16.91,69300,69600,300
PASSIVE_1317,trade,B,300,16.91,69600,69900,300
PASSIVE_MKT_1320,trade,B,300,16.91,69900,70200,300
PASSIVE_MKT_1322,trade,B,300,16.92,70200,70500,300
PASSIVE_1321,trade,B,300,16.91,70500,70800,300
PASSIVE_1323,trade,B,300,16.9,70800,71100,300
PASSIVE_1324,trade,B,300,16.9,71100,71400,300
