order_id,direction,volume,price,match_amount,order_time,trade_time,latency_ms,delta_position
PASSIVE_1000,B,300,16.74,5021.999999999999,2024-01-02 09:30:09.000,2024-01-02 09:30:11.060,2060.0,300
PASSIVE_1001,B,300,16.65,4995.0,2024-01-02 09:31:09.000,2024-01-02 09:31:11.330,2330.0,600
PASSIVE_1002,B,300,16.65,4995.0,2024-01-02 09:32:09.000,2024-01-02 09:32:22.790,13790.0,900
PASSIVE_1003,B,300,16.65,4995.0,2024-01-02 09:33:09.000,2024-01-02 09:33:22.570,13570.0,1200
PASSIVE_1004,B,300,16.66,4998.0,2024-01-02 09:34:09.000,2024-01-02 09:34:20.710,11710.0,1500
PASSIVE_1005,B,300,16.64,4992.0,2024-01-02 09:35:09.000,2024-01-02 09:35:15.320,6320.0,1800
PASSIVE_1006,B,300,16.68,5004.0,2024-01-02 09:36:09.000,2024-01-02 09:36:15.540,6540.0,2100
PASSIVE_1007,B,300,16.72,5016.0,2024-01-02 09:37:09.000,2024-01-02 09:37:13.110,4110.0,2400
PASSIVE_MKT_1010,B,300,16.78,5034.0,2024-01-02 09:39:09.000,2024-01-02 09:39:09.000,0.0,2700
PASSIVE_1009,B,300,16.77,5031.0,2024-01-02 09:39:09.000,2024-01-02 09:39:16.130,7130.0,3000
PASSIVE_1011,B,300,16.76,5028.000000000001,2024-01-02 09:40:09.000,2024-01-02 09:40:12.230,3230.0,3300
PASSIVE_1012,B,300,16.78,5034.0,2024-01-02 09:41:09.000,2024-01-02 09:42:01.160,52160.0,3600
PASSIVE_MKT_1015,B,300,16.79,5037.0,2024-01-02 09:43:09.000,2024-01-02 09:43:09.000,0.0,3900
PASSIVE_MKT_1017,B,300,16.81,5043.0,2024-01-02 09:44:09.000,2024-01-02 09:44:09.000,0.0,4200
PASSIVE_MKT_1019,B,300,16.83,5048.999999999999,2024-01-02 09:45:09.000,2024-01-02 09:45:09.000,0.0,4500
PASSIVE_1018,B,300,16.82,5046.0,2024-01-02 09:45:09.000,2024-01-02 09:45:18.750,9750.0,4800
PASSIVE_1020,B,300,16.82,5046.0,2024-01-02 09:46:09.000,2024-01-02 09:46:25.220,16219.999999999998,5100
PASSIVE_1021,B,300,16.82,5046.0,2024-01-02 09:47:09.000,2024-01-02 09:47:20.690,11690.0,5400
PASSIVE_1022,B,300,16.82,5046.0,2024-01-02 09:48:09.000,2024-01-02 09:48:25.440,16440.0,5700
PASSIVE_1023,B,300,16.79,5037.0,2024-01-02 09:49:09.000,2024-01-02 09:49:09.840,840.0,6000
PASSIVE_1024,B,300,16.79,5037.0,2024-01-02 09:50:09.000,2024-01-02 09:50:11.180,2180.0,6300
PASSIVE_MKT_1027,B,300,16.82,5046.0,2024-01-02 09:52:09.000,2024-01-02 09:52:09.000,0.0,6600
PASSIVE_1026,B,300,16.81,5043.0,2024-01-02 09:52:09.000,2024-01-02 09:53:01.180,52180.0,6900
PASSIVE_1028,B,300,16.81,5043.0,2024-01-02 09:53:09.000,2024-01-02 09:53:10.930,1930.0000000000002,7200
PASSIVE_MKT_1031,B,300,16.85,5055.0,2024-01-02 09:55:12.000,2024-01-02 09:55:12.000,0.0,7500
PASSIVE_1030,B,300,16.84,5052.0,2024-01-02 09:55:09.000,2024-01-02 09:55:37.940,28940.0,7800
PASSIVE_1032,B,300,16.84,5052.0,2024-01-02 09:56:09.000,2024-01-02 09:56:31.160,22160.0,8100
PASSIVE_1033,B,300,16.83,5048.999999999999,2024-01-02 09:57:09.000,2024-01-02 09:57:52.840,43840.0,8400
PASSIVE_1034,B,300,16.83,5048.999999999999,2024-01-02 09:58:09.000,2024-01-02 09:59:06.540,57540.0,8700
PASSIVE_1035,B,300,16.83,5048.999999999999,2024-01-02 09:59:09.000,2024-01-02 09:59:11.630,2630.0,9000
PASSIVE_1036,B,300,16.81,5043.0,2024-01-02 10:00:09.000,2024-01-02 10:00:30.370,21370.0,9300
PASSIVE_MKT_1039,B,300,16.83,5048.999999999999,2024-01-02 10:02:09.000,2024-01-02 10:02:09.000,0.0,9600
PASSIVE_MKT_1041,B,300,16.84,5052.0,2024-01-02 10:03:09.000,2024-01-02 10:03:09.000,0.0,9900
PASSIVE_MKT_1043,B,300,16.84,5052.0,2024-01-02 10:04:12.000,2024-01-02 10:04:12.000,0.0,10200
PASSIVE_MKT_1045,B,300,16.85,5055.0,2024-01-02 10:05:12.000,2024-01-02 10:05:12.000,0.0,10500
PASSIVE_MKT_1047,B,300,16.86,5058.0,2024-01-02 10:06:09.000,2024-01-02 10:06:09.000,0.0,10800
PASSIVE_MKT_1049,B,300,16.87,5061.0,2024-01-02 10:07:09.000,2024-01-02 10:07:09.000,0.0,11100
PASSIVE_MKT_1051,B,300,16.87,5061.0,2024-01-02 10:08:09.000,2024-01-02 10:08:09.000,0.0,11400
PASSIVE_1050,B,300,16.86,5058.0,2024-01-02 10:08:09.000,2024-01-02 10:08:34.560,25560.0,11700
PASSIVE_MKT_1054,B,300,16.9,5070.0,2024-01-02 10:10:09.000,2024-01-02 10:10:09.000,0.0,12000
PASSIVE_1053,B,300,16.89,5067.0,2024-01-02 10:10:09.000,2024-01-02 10:11:06.660,57660.0,12300
PASSIVE_1055,B,300,16.89,5067.0,2024-01-02 10:11:09.000,2024-01-02 10:11:43.680,34680.0,12600
PASSIVE_1056,B,300,16.89,5067.0,2024-01-02 10:12:09.000,2024-01-02 10:12:57.140,48140.0,12900
PASSIVE_MKT_1059,B,300,16.9,5070.0,2024-01-02 10:14:09.000,2024-01-02 10:14:09.000,0.0,13200
PASSIVE_MKT_1061,B,300,16.95,5085.0,2024-01-02 10:15:09.000,2024-01-02 10:15:09.000,0.0,13500
PASSIVE_1060,B,300,16.94,5082.0,2024-01-02 10:15:09.000,2024-01-02 10:15:09.680,680.0,13800
PASSIVE_MKT_1064,B,300,16.96,5088.0,2024-01-02 10:17:09.000,2024-01-02 10:17:09.460,460.0,14100
PASSIVE_1065,B,300,16.95,5085.0,2024-01-02 10:18:09.000,2024-01-02 10:18:09.000,0.0,14400
PASSIVE_MKT_1066,B,300,16.95,5085.0,2024-01-02 10:18:09.000,2024-01-02 10:18:09.000,0.0,14700
PASSIVE_1067,B,300,16.95,5085.0,2024-01-02 10:19:09.000,2024-01-02 10:19:09.000,0.0,15000
PASSIVE_1069,B,300,16.95,5085.0,2024-01-02 10:21:09.000,2024-01-02 10:21:09.000,0.0,15300
PASSIVE_MKT_1070,B,300,16.95,5085.0,2024-01-02 10:21:09.000,2024-01-02 10:21:09.000,0.0,15600
PASSIVE_1071,B,300,16.95,5085.0,2024-01-02 10:22:09.000,2024-01-02 10:22:09.000,0.0,15900
PASSIVE_1072,B,300,16.95,5085.0,2024-01-02 10:23:09.000,2024-01-02 10:23:09.000,0.0,16200
PASSIVE_MKT_1075,B,300,16.95,5085.0,2024-01-02 10:25:09.000,2024-01-02 10:25:09.000,0.0,16500
PASSIVE_1074,B,300,16.94,5082.0,2024-01-02 10:25:09.000,2024-01-02 10:25:37.000,28000.0,16800
PASSIVE_1076,B,300,16.94,5082.0,2024-01-02 10:26:09.000,2024-01-02 10:26:47.100,38100.0,17100
PASSIVE_1077,B,300,16.96,5088.0,2024-01-02 10:27:09.000,2024-01-02 10:27:09.000,0.0,17400
PASSIVE_1078,B,300,16.96,5088.0,2024-01-02 10:28:09.000,2024-01-02 10:28:09.000,0.0,17700
PASSIVE_1079,B,300,16.96,5088.0,2024-01-02 10:29:09.000,2024-01-02 10:29:10.940,1940.0,18000
PASSIVE_MKT_1082,B,300,16.98,5094.0,2024-01-02 10:31:09.000,2024-01-02 10:31:09.000,0.0,18300
PASSIVE_MKT_1084,B,300,17.0,5100.0,2024-01-02 10:32:09.000,2024-01-02 10:32:09.000,0.0,18600
PASSIVE_MKT_1086,B,300,17.02,5106.0,2024-01-02 10:33:09.000,2024-01-02 10:33:09.000,0.0,18900
PASSIVE_1085,B,300,17.01,5103.000000000001,2024-01-02 10:33:09.000,2024-01-02 10:33:12.660,3660.0,19200
PASSIVE_1087,B,300,17.0,5100.0,2024-01-02 10:34:09.000,2024-01-02 10:34:45.530,36530.0,19500
PASSIVE_1088,B,300,17.01,5103.000000000001,2024-01-02 10:35:09.000,2024-01-02 10:35:09.000,0.0,19800
PASSIVE_MKT_1091,B,300,17.05,5115.0,2024-01-02 10:37:09.000,2024-01-02 10:37:09.000,0.0,20100
PASSIVE_MKT_1093,B,300,17.09,5127.0,2024-01-02 10:38:09.000,2024-01-02 10:38:09.200,200.0,20400
PASSIVE_MKT_1095,B,300,17.09,5127.0,2024-01-02 10:39:09.000,2024-01-02 10:39:09.000,0.0,20700
PASSIVE_MKT_1097,B,300,17.1,5130.0,2024-01-02 10:40:09.000,2024-01-02 10:40:09.000,0.0,21000
PASSIVE_1096,B,300,17.09,5127.0,2024-01-02 10:40:09.000,2024-01-02 10:40:12.750,3750.0,21300
PASSIVE_1098,B,300,17.08,5123.999999999999,2024-01-02 10:41:09.000,2024-01-02 10:41:15.440,6440.0,21600
PASSIVE_1099,B,300,17.05,5115.0,2024-01-02 10:42:09.000,2024-01-02 10:42:16.360,7360.0,21900
PASSIVE_MKT_1102,B,300,17.05,5115.0,2024-01-02 10:44:09.000,2024-01-02 10:44:09.000,0.0,22200
PASSIVE_1101,B,300,17.04,5112.0,2024-01-02 10:44:09.000,2024-01-02 10:44:54.850,45850.0,22500
PASSIVE_1103,B,300,17.04,5112.0,2024-01-02 10:45:09.000,2024-01-02 10:45:17.190,8189.999999999999,22800
PASSIVE_1104,B,300,17.04,5112.0,2024-01-02 10:46:09.000,2024-01-02 10:46:44.030,35030.0,23100
PASSIVE_1105,B,300,17.04,5112.0,2024-01-02 10:47:09.000,2024-01-02 10:47:13.200,4200.0,23400
PASSIVE_1106,B,300,17.02,5106.0,2024-01-02 10:48:09.000,2024-01-02 10:48:58.700,49700.0,23700
PASSIVE_1107,B,300,17.01,5103.000000000001,2024-01-02 10:49:09.000,2024-01-02 10:49:21.440,12440.0,24000
PASSIVE_1108,B,300,17.01,5103.000000000001,2024-01-02 10:50:09.000,2024-01-02 10:50:29.790,20790.0,24300
PASSIVE_1109,B,300,17.01,5103.000000000001,2024-01-02 10:51:09.000,2024-01-02 10:51:20.230,11230.0,24600
PASSIVE_MKT_1112,B,300,17.01,5103.000000000001,2024-01-02 10:53:09.000,2024-01-02 10:53:09.000,0.0,24900
PASSIVE_1111,B,300,17.0,5100.0,2024-01-02 10:53:09.000,2024-01-02 10:54:07.990,58990.0,25200
PASSIVE_1113,B,300,17.0,5100.0,2024-01-02 10:54:09.000,2024-01-02 10:54:16.700,7700.0,25500
PASSIVE_1114,B,300,16.98,5094.0,2024-01-02 10:55:09.000,2024-01-02 10:55:33.790,24790.0,25800
PASSIVE_1115,B,300,16.96,5088.0,2024-01-02 10:56:09.000,2024-01-02 10:56:16.540,7540.0,26100
PASSIVE_1116,B,300,16.95,5085.0,2024-01-02 10:57:09.000,2024-01-02 10:57:09.000,0.0,26400
PASSIVE_MKT_1119,B,300,16.95,5085.0,2024-01-02 10:59:09.000,2024-01-02 10:59:09.000,0.0,26700
PASSIVE_1118,B,300,16.94,5082.0,2024-01-02 10:59:09.000,2024-01-02 10:59:31.130,22130.0,27000
PASSIVE_1120,B,300,16.93,5079.0,2024-01-02 11:00:09.000,2024-01-02 11:00:14.070,5070.0,27300
PASSIVE_MKT_1123,B,300,16.94,5082.0,2024-01-02 11:02:09.000,2024-01-02 11:02:09.000,0.0,27600
PASSIVE_1124,B,300,16.94,5082.0,2024-01-02 11:03:09.000,2024-01-02 11:03:09.000,0.0,27900
PASSIVE_MKT_1125,B,300,16.94,5082.0,2024-01-02 11:03:09.000,2024-01-02 11:03:09.000,0.0,28200
PASSIVE_MKT_1128,B,300,16.95,5085.0,2024-01-02 11:05:09.000,2024-01-02 11:05:09.000,0.0,28500
PASSIVE_1127,B,300,16.94,5082.0,2024-01-02 11:05:09.000,2024-01-02 11:05:51.730,42730.0,28800
PASSIVE_1129,B,300,16.94,5082.0,2024-01-02 11:06:09.000,2024-01-02 11:06:09.760,760.0,29100
PASSIVE_MKT_1132,B,300,16.94,5082.0,2024-01-02 11:08:09.000,2024-01-02 11:08:09.000,0.0,29400
PASSIVE_MKT_1134,B,300,16.94,5082.0,2024-01-02 11:09:09.000,2024-01-02 11:09:09.000,0.0,29700
PASSIVE_MKT_1136,B,300,16.94,5082.0,2024-01-02 11:10:09.000,2024-01-02 11:10:09.000,0.0,30000
PASSIVE_1135,B,300,16.93,5079.0,2024-01-02 11:10:09.000,2024-01-02 11:10:28.120,19120.0,30300
PASSIVE_1137,B,300,16.92,5076.000000000001,2024-01-02 11:11:09.000,2024-01-02 11:11:23.510,14510.0,30600
PASSIVE_1138,B,300,16.92,5076.000000000001,2024-01-02 11:12:09.000,2024-01-02 11:12:15.660,6660.0,30900
PASSIVE_1139,B,300,16.93,5079.0,2024-01-02 11:13:09.000,2024-01-02 11:13:11.090,2090.0,31200
PASSIVE_MKT_1142,B,300,16.94,5082.0,2024-01-02 11:15:09.000,2024-01-02 11:15:09.000,0.0,31500
PASSIVE_1141,B,300,16.93,5079.0,2024-01-02 11:15:09.000,2024-01-02 11:15:21.110,12110.0,31800
PASSIVE_1144,B,300,16.95,5085.0,2024-01-02 11:17:09.000,2024-01-02 11:17:09.000,0.0,32100
PASSIVE_MKT_1145,B,300,16.95,5085.0,2024-01-02 11:17:09.000,2024-01-02 11:17:09.000,0.0,32400
PASSIVE_1147,B,300,16.95,5085.0,2024-01-02 11:19:09.000,2024-01-02 11:19:09.000,0.0,32700
PASSIVE_MKT_1148,B,300,16.95,5085.0,2024-01-02 11:19:09.000,2024-01-02 11:19:09.000,0.0,33000
PASSIVE_MKT_1151,B,300,16.95,5085.0,2024-01-02 11:21:09.000,2024-01-02 11:21:09.000,0.0,33300
PASSIVE_1150,B,300,16.94,5082.0,2024-01-02 11:21:09.000,2024-01-02 11:21:16.500,7500.0,33600
PASSIVE_MKT_1154,B,300,16.94,5082.0,2024-01-02 11:23:09.000,2024-01-02 11:23:09.000,0.0,33900
PASSIVE_MKT_1156,B,300,16.95,5085.0,2024-01-02 11:24:09.000,2024-01-02 11:24:09.000,0.0,34200
PASSIVE_1155,B,300,16.94,5082.0,2024-01-02 11:24:09.000,2024-01-02 11:24:44.620,35620.0,34500
PASSIVE_1157,B,300,16.94,5082.0,2024-01-02 11:25:09.000,2024-01-02 11:25:14.270,5270.0,34800
PASSIVE_1158,B,300,16.93,5079.0,2024-01-02 11:26:18.000,2024-01-02 11:26:18.000,0.0,35100
PASSIVE_1159,B,300,16.93,5079.0,2024-01-02 11:27:09.000,2024-01-02 11:27:09.000,0.0,35400
PASSIVE_1160,B,300,16.94,5082.0,2024-01-02 11:28:09.000,2024-01-02 11:29:05.490,56490.0,35700
PASSIVE_1161,B,300,16.94,5082.0,2024-01-02 11:29:09.000,2024-01-02 11:29:09.000,0.0,36000
PASSIVE_MKT_1163,B,300,16.96,5088.0,2024-01-02 13:00:00.000,2024-01-02 13:00:00.000,0.0,36300
PASSIVE_1165,B,300,16.95,5085.0,2024-01-02 13:01:09.000,2024-01-02 13:01:09.000,0.0,36600
PASSIVE_MKT_1166,B,300,16.95,5085.0,2024-01-02 13:01:09.000,2024-01-02 13:01:09.000,0.0,36900
PASSIVE_1167,B,300,16.95,5085.0,2024-01-02 13:02:09.000,2024-01-02 13:02:09.000,0.0,37200
PASSIVE_1168,B,300,16.95,5085.0,2024-01-02 13:03:09.000,2024-01-02 13:03:09.000,0.0,37500
PASSIVE_MKT_1171,B,300,16.98,5094.0,2024-01-02 13:05:09.000,2024-01-02 13:05:09.180,180.0,37800
PASSIVE_MKT_1173,B,300,16.99,5096.999999999999,2024-01-02 13:06:09.000,2024-01-02 13:06:09.000,0.0,38100
PASSIVE_MKT_1175,B,300,16.99,5096.999999999999,2024-01-02 13:07:09.000,2024-01-02 13:07:09.000,0.0,38400
PASSIVE_1176,B,300,17.0,5100.0,2024-01-02 13:08:09.000,2024-01-02 13:08:09.000,0.0,38700
PASSIVE_MKT_1177,B,300,17.0,5100.0,2024-01-02 13:08:09.000,2024-01-02 13:08:09.000,0.0,39000
PASSIVE_MKT_1180,B,300,17.02,5106.0,2024-01-02 13:10:09.000,2024-01-02 13:10:09.000,0.0,39300
PASSIVE_MKT_1182,B,300,17.01,5103.000000000001,2024-01-02 13:11:09.000,2024-01-02 13:11:09.000,0.0,39600
PASSIVE_MKT_1184,B,300,17.04,5112.0,2024-01-02 13:12:09.000,2024-01-02 13:12:09.000,0.0,39900
PASSIVE_MKT_1186,B,300,17.04,5112.0,2024-01-02 13:13:09.000,2024-01-02 13:13:09.000,0.0,40200
PASSIVE_MKT_1188,B,300,17.04,5112.0,2024-01-02 13:14:09.000,2024-01-02 13:14:09.000,0.0,40500
PASSIVE_1187,B,300,17.03,5109.0,2024-01-02 13:14:09.000,2024-01-02 13:14:40.940,31940.0,40800
PASSIVE_1189,B,300,17.02,5106.0,2024-01-02 13:15:09.000,2024-01-02 13:15:16.760,7760.0,41100
PASSIVE_1190,B,300,17.01,5103.000000000001,2024-01-02 13:16:09.000,2024-01-02 13:16:09.000,0.0,41400
PASSIVE_1191,B,300,17.01,5103.000000000001,2024-01-02 13:17:15.000,2024-01-02 13:17:15.000,0.0,41700
PASSIVE_1192,B,300,17.01,5103.000000000001,2024-01-02 13:18:09.000,2024-01-02 13:18:09.000,0.0,42000
PASSIVE_1194,B,300,17.01,5103.000000000001,2024-01-02 13:20:09.000,2024-01-02 13:20:09.000,0.0,42300
PASSIVE_MKT_1195,B,300,17.01,5103.000000000001,2024-01-02 13:20:09.000,2024-01-02 13:20:09.000,0.0,42600
PASSIVE_MKT_1198,B,300,17.01,5103.000000000001,2024-01-02 13:22:09.000,2024-01-02 13:22:09.000,0.0,42900
PASSIVE_MKT_1200,B,300,17.01,5103.000000000001,2024-01-02 13:23:12.000,2024-01-02 13:23:12.000,0.0,43200
PASSIVE_MKT_1202,B,300,17.02,5106.0,2024-01-02 13:24:12.000,2024-01-02 13:24:12.000,0.0,43500
PASSIVE_1203,B,300,17.01,5103.000000000001,2024-01-02 13:25:09.000,2024-01-02 13:25:09.000,0.0,43800
PASSIVE_MKT_1204,B,300,17.01,5103.000000000001,2024-01-02 13:25:09.000,2024-01-02 13:25:09.000,0.0,44100
PASSIVE_MKT_1207,B,300,17.04,5112.0,2024-01-02 13:27:09.000,2024-01-02 13:27:09.000,0.0,44400
PASSIVE_MKT_1209,B,300,17.04,5112.0,2024-01-02 13:28:09.000,2024-01-02 13:28:09.000,0.0,44700
PASSIVE_1208,B,300,17.03,5109.0,2024-01-02 13:28:09.000,2024-01-02 13:28:34.790,25790.0,45000
PASSIVE_1210,B,300,17.03,5109.0,2024-01-02 13:29:09.000,2024-01-02 13:29:10.100,1100.0,45300
PASSIVE_1211,B,300,17.03,5109.0,2024-01-02 13:30:09.000,2024-01-02 13:30:32.120,23120.0,45600
PASSIVE_MKT_1214,B,300,17.04,5112.0,2024-01-02 13:32:09.000,2024-01-02 13:32:09.000,0.0,45900
PASSIVE_1213,B,300,17.03,5109.0,2024-01-02 13:32:09.000,2024-01-02 13:32:18.930,9930.0,46200
PASSIVE_1215,B,300,17.02,5106.0,2024-01-02 13:33:09.000,2024-01-02 13:33:09.000,0.0,46500
PASSIVE_1216,B,300,17.0,5100.0,2024-01-02 13:34:09.000,2024-01-02 13:34:21.750,12750.0,46800
PASSIVE_1217,B,300,17.01,5103.000000000001,2024-01-02 13:35:09.000,2024-01-02 13:35:09.000,0.0,47100
PASSIVE_1218,B,300,17.0,5100.0,2024-01-02 13:36:09.000,2024-01-02 13:36:31.480,22480.0,47400
PASSIVE_1219,B,300,17.0,5100.0,2024-01-02 13:37:09.000,2024-01-02 13:37:39.350,30350.0,47700
PASSIVE_1221,B,300,17.01,5103.000000000001,2024-01-02 13:39:09.000,2024-01-02 13:39:09.000,0.0,48000
PASSIVE_MKT_1222,B,300,17.01,5103.000000000001,2024-01-02 13:39:09.000,2024-01-02 13:39:09.000,0.0,48300
PASSIVE_1223,B,300,17.01,5103.000000000001,2024-01-02 13:40:09.000,2024-01-02 13:40:09.000,0.0,48600
PASSIVE_1224,B,300,17.01,5103.000000000001,2024-01-02 13:41:09.000,2024-01-02 13:41:09.000,0.0,48900
PASSIVE_MKT_1227,B,300,17.01,5103.000000000001,2024-01-02 13:43:09.000,2024-01-02 13:43:09.000,0.0,49200
PASSIVE_MKT_1229,B,300,17.01,5103.000000000001,2024-01-02 13:44:09.000,2024-01-02 13:44:09.000,0.0,49500
PASSIVE_MKT_1231,B,300,17.01,5103.000000000001,2024-01-02 13:45:09.000,2024-01-02 13:45:09.000,0.0,49800
PASSIVE_MKT_1233,B,300,17.01,5103.000000000001,2024-01-02 13:46:09.000,2024-01-02 13:46:09.000,0.0,50100
PASSIVE_1232,B,300,17.0,5100.0,2024-01-02 13:46:09.000,2024-01-02 13:47:07.500,58500.0,50400
PASSIVE_1234,B,300,17.0,5100.0,2024-01-02 13:47:09.000,2024-01-02 13:47:27.170,18170.0,50700
PASSIVE_1235,B,300,16.99,5096.999999999999,2024-01-02 13:48:09.000,2024-01-02 13:48:42.740,33740.0,51000
PASSIVE_1236,B,300,16.98,5094.0,2024-01-02 13:49:09.000,2024-01-02 13:50:08.030,59030.0,51300
PASSIVE_1237,B,300,16.98,5094.0,2024-01-02 13:50:09.000,2024-01-02 13:50:56.170,47170.0,51600
PASSIVE_1238,B,300,16.98,5094.0,2024-01-02 13:51:09.000,2024-01-02 13:51:31.520,22520.0,51900
PASSIVE_1239,B,300,16.98,5094.0,2024-01-02 13:52:09.000,2024-01-02 13:52:12.700,3700.0,52200
PASSIVE_1241,B,300,16.97,5091.0,2024-01-02 13:54:09.000,2024-01-02 13:54:09.000,0.0,52500
PASSIVE_MKT_1242,B,300,16.97,5091.0,2024-01-02 13:54:09.000,2024-01-02 13:54:09.000,0.0,52800
PASSIVE_1243,B,300,16.97,5091.0,2024-01-02 13:55:09.000,2024-01-02 13:55:09.000,0.0,53100
PASSIVE_MKT_1246,B,300,16.99,5096.999999999999,2024-01-02 13:57:09.000,2024-01-02 13:57:09.000,0.0,53400
PASSIVE_MKT_1248,B,300,17.0,5100.0,2024-01-02 13:58:09.000,2024-01-02 13:58:09.000,0.0,53700
PASSIVE_MKT_1250,B,300,17.0,5100.0,2024-01-02 13:59:09.000,2024-01-02 13:59:09.000,0.0,54000
PASSIVE_1249,B,300,16.99,5096.999999999999,2024-01-02 13:59:09.000,2024-01-02 13:59:34.810,25810.0,54300
PASSIVE_1251,B,300,16.99,5096.999999999999,2024-01-02 14:00:09.000,2024-01-02 14:00:36.150,27150.0,54600
PASSIVE_1252,B,300,16.98,5094.0,2024-01-02 14:01:09.000,2024-01-02 14:01:47.170,38170.0,54900
PASSIVE_1253,B,300,16.98,5094.0,2024-01-02 14:02:09.000,2024-01-02 14:02:15.810,6810.000000000001,55200
PASSIVE_1254,B,300,16.96,5088.0,2024-01-02 14:03:09.000,2024-01-02 14:03:11.070,2070.0,55500
PASSIVE_1255,B,300,16.96,5088.0,2024-01-02 14:04:09.000,2024-01-02 14:04:23.460,14460.0,55800
PASSIVE_1256,B,300,16.95,5085.0,2024-01-02 14:05:09.000,2024-01-02 14:05:09.000,0.0,56100
PASSIVE_1258,B,300,16.95,5085.0,2024-01-02 14:07:09.000,2024-01-02 14:07:09.000,0.0,56400
PASSIVE_MKT_1259,B,300,16.95,5085.0,2024-01-02 14:07:09.000,2024-01-02 14:07:09.000,0.0,56700
PASSIVE_1260,B,300,16.94,5082.0,2024-01-02 14:08:09.000,2024-01-02 14:08:09.000,0.0,57000
PASSIVE_1261,B,300,16.95,5085.0,2024-01-02 14:09:09.000,2024-01-02 14:09:09.000,0.0,57300
PASSIVE_1262,B,300,16.96,5088.0,2024-01-02 14:10:09.000,2024-01-02 14:10:09.000,0.0,57600
PASSIVE_1263,B,300,16.96,5088.0,2024-01-02 14:11:09.000,2024-01-02 14:11:28.000,19000.0,57900
PASSIVE_1264,B,300,16.95,5085.0,2024-01-02 14:12:09.000,2024-01-02 14:12:09.000,0.0,58200
PASSIVE_1265,B,300,16.95,5085.0,2024-01-02 14:13:09.000,2024-01-02 14:13:09.000,0.0,58500
PASSIVE_1266,B,300,16.94,5082.0,2024-01-02 14:14:09.000,2024-01-02 14:14:09.000,0.0,58800
PASSIVE_1267,B,300,16.95,5085.0,2024-01-02 14:15:09.000,2024-01-02 14:15:09.000,0.0,59100
PASSIVE_1268,B,300,16.94,5082.0,2024-01-02 14:16:09.000,2024-01-02 14:16:09.000,0.0,59400
PASSIVE_1269,B,300,16.94,5082.0,2024-01-02 14:17:09.000,2024-01-02 14:17:09.000,0.0,59700
PASSIVE_1270,B,300,16.94,5082.0,2024-01-02 14:18:09.000,2024-01-02 14:18:09.000,0.0,60000
PASSIVE_MKT_1273,B,300,16.94,5082.0,2024-01-02 14:20:09.000,2024-01-02 14:20:09.000,0.0,60300
PASSIVE_1274,B,300,16.94,5082.0,2024-01-02 14:21:09.000,2024-01-02 14:21:09.000,0.0,60600
PASSIVE_MKT_1275,B,300,16.94,5082.0,2024-01-02 14:21:09.000,2024-01-02 14:21:09.000,0.0,60900
PASSIVE_1277,B,300,16.94,5082.0,2024-01-02 14:23:09.000,2024-01-02 14:23:09.000,0.0,61200
PASSIVE_MKT_1278,B,300,16.94,5082.0,2024-01-02 14:23:09.000,2024-01-02 14:23:09.000,0.0,61500
PASSIVE_1279,B,300,16.94,5082.0,2024-01-02 14:24:09.000,2024-01-02 14:24:09.000,0.0,61800
PASSIVE_1280,B,300,16.93,5079.0,2024-01-02 14:25:09.000,2024-01-02 14:25:09.000,0.0,62100
PASSIVE_MKT_1283,B,300,16.94,5082.0,2024-01-02 14:27:09.000,2024-01-02 14:27:09.000,0.0,62400
PASSIVE_MKT_1285,B,300,16.93,5079.0,2024-01-02 14:28:09.000,2024-01-02 14:28:09.000,0.0,62700
PASSIVE_MKT_1287,B,300,16.93,5079.0,2024-01-02 14:29:09.000,2024-01-02 14:29:09.000,0.0,63000
PASSIVE_1286,B,300,16.92,5076.000000000001,2024-01-02 14:29:09.000,2024-01-02 14:30:02.230,53230.0,63300
PASSIVE_1288,B,300,16.93,5079.0,2024-01-02 14:30:09.000,2024-01-02 14:30:09.000,0.0,63600
PASSIVE_MKT_1291,B,300,16.95,5085.0,2024-01-02 14:32:09.000,2024-01-02 14:32:09.000,0.0,63900
PASSIVE_1292,B,300,16.95,5085.0,2024-01-02 14:33:09.000,2024-01-02 14:33:09.000,0.0,64200
PASSIVE_MKT_1293,B,300,16.95,5085.0,2024-01-02 14:33:09.000,2024-01-02 14:33:09.000,0.0,64500
PASSIVE_1294,B,300,16.93,5079.0,2024-01-02 14:34:09.000,2024-01-02 14:34:09.000,0.0,64800
PASSIVE_1296,B,300,16.94,5082.0,2024-01-02 14:36:09.000,2024-01-02 14:36:09.000,0.0,65100
PASSIVE_MKT_1297,B,300,16.94,5082.0,2024-01-02 14:36:09.000,2024-01-02 14:36:09.000,0.0,65400
PASSIVE_MKT_1300,B,300,16.93,5079.0,2024-01-02 14:38:09.000,2024-01-02 14:38:09.000,0.0,65700
PASSIVE_1301,B,300,16.93,5079.0,2024-01-02 14:39:09.000,2024-01-02 14:39:09.000,0.0,66000
PASSIVE_MKT_1302,B,300,16.93,5079.0,2024-01-02 14:39:09.000,2024-01-02 14:39:09.000,0.0,66300
PASSIVE_1304,B,300,16.93,5079.0,2024-01-02 14:41:09.000,2024-01-02 14:41:09.000,0.0,66600
PASSIVE_MKT_1305,B,300,16.93,5079.0,2024-01-02 14:41:09.000,2024-01-02 14:41:09.000,0.0,66900
PASSIVE_1306,B,300,16.91,5073.0,2024-01-02 14:42:09.000,2024-01-02 14:42:16.150,7150.0,67200
PASSIVE_1308,B,300,16.9,5070.0,2024-01-02 14:44:09.000,2024-01-02 14:44:09.000,0.0,67500
PASSIVE_MKT_1309,B,300,16.9,5070.0,2024-01-02 14:44:09.000,2024-01-02 14:44:09.000,0.0,67800
PASSIVE_1310,B,300,16.9,5070.0,2024-01-02 14:45:09.000,2024-01-02 14:45:30.030,21030.0,68100
PASSIVE_1311,B,300,16.91,5073.0,2024-01-02 14:46:09.000,2024-01-02 14:46:26.910,17910.0,68400
PASSIVE_1312,B,300,16.91,5073.0,2024-01-02 14:47:09.000,2024-01-02 14:47:53.740,44740.0,68700
PASSIVE_1313,B,300,16.89,5067.0,2024-01-02 14:48:09.000,2024-01-02 14:48:16.130,7130.0,69000
PASSIVE_MKT_1316,B,300,16.92,5076.000000000001,2024-01-02 14:50:09.000,2024-01-02 14:50:09.000,0.0,69300
PASSIVE_1315,B,300,16.91,5073.0,2024-01-02 14:50:09.000,2024-01-02 14:50:55.720,46720.0,69600
PASSIVE_1317,B,300,16.91,5073.0,2024-01-02 14:51:09.000,2024-01-02 14:51:15.100,6100.0,69900
PASSIVE_MKT_1320,B,300,16.91,5073.0,2024-01-02 14:53:09.000,2024-01-02 14:53:09.000,0.0,70200
PASSIVE_MKT_1322,B,300,16.92,5076.000000000001,2024-01-02 14:54:09.000,2024-01-02 14:54:09.000,0.0,70500
PASSIVE_1321,B,300,16.91,5073.0,2024-01-02 14:54:09.000,2024-01-02 14:54:16.380,7380.0,70800
PASSIVE_1323,B,300,16.9,5070.0,2024-01-02 14:55:09.000,2024-01-02 14:55:15.300,6300.0,71100
PASSIVE_1324,B,300,16.9,5070.0,2024-01-02 14:56:27.000,2024-01-02 14:56:36.720,9720.0,71400
